symbol,company_name,market_cap,latest_volume,cycle,isPurePrediction,release_date,whenInTheDay,end_price(first_available_sell_point),did_end_price_date_calculation_succeed,prediction [%],factor_price_change_list,weight_distribution_list,confidence,actual_price_change [%],digression [%],signComparison(predict/actual),start_price,n_open_price,n_close_price,n_high_price,n_low_price,n+1_open_price,n+1_close_price,n+1_high_price,n+1_low_price,n+2_close_price,n+2_high_price,n+2_low_price,n+3_close_price,n+3_high_price,n+3_low_price,n+4_close_price,n+4_high_price,n+4_low_price,n+5_close_price,n+5_high_price,n+5_low_price,prediction 0 [%],factor_price_change_list_parsed,prediction_by_factor_1,prediction_by_factor_2,prediction_by_factor_3,prediction_by_factor_4,is_false_positive_factor_1,is_false_negative_factor_1,is_false_positive_factor_2,is_false_negative_factor_2,is_false_positive_factor_3,is_false_negative_factor_3,is_false_positive_factor_4,is_false_negative_factor_4,end_price,didWin,didWin_always_buy
DOX,Amdocs Limited Ordinary Shares,10419799057.0,371570,4,False,2025-02-04,After market close,91.77,True,2.6,"[4.5, 3.0, 1.0, 0.0]","[0.4, 0.2, 0.2, 0.2]",0.7,0.8582217645039478,-2.41,+/+,87.39,87.09,86.86,88.23,85.5,91.77,88.14,91.77,85.18,85.96,88.29,85.57,85.97,86.48,85.52,85.8,86.6,85.36,86.32,86.91,85.18,2.6,"[4.5, 3.0, 1.0, 0.0]",4.5,3.0,1.0,0.0,False,False,False,False,False,False,False,False,88.14,True,True
BUD,Anheuser-Busch Inbev SA Sponsored ADR (Belgium),118435382666.0,2071154,4,False,2025-02-26,Before market open,59.19,True,1.88,"[3.0, 3.0, 1.0, 0.0]","[0.36, 0.2, 0.2, 0.24]",0.7,7.211977359868533,-6.19,+/+,54.77,59.19,58.72,59.8,58.72,59.18,59.51,60.33,58.88,59.84,60.27,59.48,60.74,61.38,60.38,61.08,61.74,61.0,62.23,62.43,61.84,1.88,"[3.0, 3.0, 1.0, 0.0]",3.0,3.0,1.0,0.0,False,False,False,False,False,False,False,False,58.72,True,True
CAR,Avis Budget Group Inc. Common Stock,3651546719.0,1946976,4,False,2025-02-11,After market close,88.6,True,5.45,"[15.0, 3.5, 1.0, 0.0]","[0.305, 0.19, 0.205, 0.3]",0.65,-7.563861550370456,7.47,+/-,90.43,88.55,89.71,91.82,88.5,88.6,83.59,88.6,80.0,87.19,87.6,82.33,90.75,92.53,86.62,96.5,97.99,89.49,94.19,96.87,94.05,5.45,"[15.0, 3.5, 1.0, 0.0]",15.0,3.5,1.0,0.0,True,False,True,False,True,False,False,False,83.59,False,False
BTG,B2Gold Corp Common shares (Canada),3879961814.0,54637669,4,False,2025-02-19,After market close,2.59,True,1.34,"[3.0, 3.0, 0.0, -1.0]","[0.335, 0.2, 0.2, 0.265]",0.75,6.844106463878333,2.86,+/+,2.63,2.64,2.66,2.69,2.61,2.59,2.81,2.88,2.58,2.82,2.94,2.8,2.85,2.85,2.71,2.83,2.87,2.76,2.87,2.9,2.78,1.34,"[3.0, 3.0, 0.0, -1.0]",3.0,3.0,0.0,-1.0,True,False,True,False,False,False,False,False,2.81,True,True
BILL,BILL Holdings Inc. Common Stock,4880395574.0,4081603,4,False,2025-02-06,After market close,64.88,True,1.8,"[5.0, 2.0, 1.0, 0.0]","[0.245, 0.175, 0.225, 0.355]",0.65,-35.968257240028855,34.93,+/-,97.03,96.24,96.35,98.0,95.05,64.88,62.13,67.54,62.06,64.97,65.79,62.2,61.49,65.75,61.45,61.08,61.75,60.25,60.88,61.1,59.52,1.8,"[5.0, 2.0, 1.0, 0.0]",5.0,2.0,1.0,0.0,True,False,True,False,True,False,False,False,62.13,False,False
BJ,BJ's Wholesale Club Holdings Inc. Common Stock,14709635659.0,3347767,4,False,2025-03-06,Before market open,103.11,True,1.7,"[3.5, 3.0, 1.0, 0.0]","[0.25, 0.2, 0.225, 0.325]",0.7,12.228993905485058,-1.32,+/+,100.09,103.11,112.33,113.8,101.82,109.85,115.5,116.0,109.0,115.38,118.4,114.62,111.54,114.31,111.33,108.56,111.94,107.99,108.03,110.0,107.68,1.7,"[3.5, 3.0, 1.0, 0.0]",3.5,3.0,1.0,0.0,False,False,False,False,False,False,False,False,112.33,True,True
BP,BP p.l.c. Common Stock,80247784679.0,11716203,5,False,2025-04-29,Before market open,28.11,True,2.87,"[7.5, 4.5, -1.0, -3.0]","[0.38, 0.2, 0.19, 0.23]",0.45,-3.638860281496734,6.37,+/-,29.13,28.11,28.07,28.59,27.87,28.14,27.46,28.14,27.21,27.88,28.03,27.3,28.12,28.18,27.51,29.18,29.18,28.16,28.4,28.82,28.34,2.87,"[7.5, 4.5, -1.0, -3.0]",7.5,4.5,-1.0,-3.0,True,False,True,False,False,False,False,False,28.07,False,False
BWXT,BWX Technologies Inc. Common Stock,9783820147.0,1373477,4,False,2025-02-24,After market close,102.75,True,-1.42,"[3.5, -6.0, 1.0, -5.0]","[0.29, 0.2, 0.22, 0.29]",0.3,2.653383310317615,-2.77,-/+,101.38,102.15,99.9,102.85,99.76,102.75,104.07,106.89,102.66,106.64,108.45,105.02,102.13,107.5,101.89,103.97,103.98,101.21,101.5,104.88,101.03,-1.42,"[3.5, -6.0, 1.0, -5.0]",3.5,-6.0,1.0,-5.0,False,False,False,True,False,False,False,True,104.07,False,True
BXP,BXP Inc. Common Stock,10544418094.0,1216094,4,False,2025-01-28,After market close,70.42,True,2.53,"[4.5, 2.5, 1.0, 0.0]","[0.41, 0.2, 0.19, 0.2]",0.68,-7.708808151226705,8.12,+/-,74.59,73.77,73.18,74.07,72.1,70.42,68.84,72.07,68.75,72.4,74.07,70.72,73.14,73.77,72.4,71.68,72.62,70.32,72.27,72.69,70.81,2.53,"[4.5, 2.5, 1.0, 0.0]",4.5,2.5,1.0,0.0,True,False,True,False,True,False,False,False,68.84,False,False
BIDU,Baidu Inc. ADS,31375969678.0,3933673,4,False,2025-02-18,Before market open,92.79,True,9.19,"[4.5, 4.5, 1.0, 20.0]","[0.26, 0.18, 0.21, 0.35]",0.65,-7.50923266311039,14.0,+/-,97.48,92.79,90.16,93.0,89.53,90.02,88.03,90.24,87.01,89.65,92.74,88.37,91.28,95.75,90.86,87.87,91.16,86.78,89.02,89.46,87.04,9.19,"[4.5, 4.5, 1.0, 20.0]",4.5,4.5,1.0,20.0,True,False,True,False,True,False,True,False,90.16,False,False
BKR,Baker Hughes Company Class A Common Stock,37272014060.0,7868799,4,False,2025-01-30,After market close,46.1,True,0.61,"[6.5, 3.0, -1.0, -5.0]","[0.29, 0.18, 0.21, 0.32]",0.42,7.220803343394473,-6.43,+/+,43.07,43.82,44.6,44.69,43.38,46.1,46.18,47.6,45.8,47.4,47.59,46.05,47.96,48.04,45.87,48.85,48.94,47.7,46.98,49.4,46.56,0.61,"[6.5, 3.0, -1.0, -5.0]",6.5,3.0,-1.0,-5.0,False,False,False,False,False,True,False,True,46.18,True,True
BTE,Baytex Energy Corp Common Shares,1377775000.0,53901547,4,False,2025-03-04,After market close,2.03,True,-3.71,"[-5.0, -7.0, 0.0, -2.0]","[0.38, 0.19, 0.19, 0.24]",0.65,-4.807692307692312,-1.31,-/-,2.08,2.0,2.07,2.11,1.96,2.03,1.98,2.04,1.9,1.97,2.01,1.91,2.03,2.08,1.99,1.95,2.03,1.92,2.03,2.04,1.96,-3.71,"[-5.0, -7.0, 0.0, -2.0]",-5.0,-7.0,0.0,-2.0,False,False,False,False,False,False,False,False,1.98,True,False
BRBR,BellRing Brands Inc. Common Stock ,8272565820.0,3130949,4,False,2025-02-03,After market close,77.5,True,2.05,"[4.5, 3.5, 1.0, 0.0]","[0.25, 0.2, 0.225, 0.3]",0.7,-3.1415643180348973,1.86,+/-,77.35,76.53,78.25,78.47,76.12,77.5,74.92,77.79,72.69,76.51,77.54,74.6,77.27,77.38,75.69,76.56,77.56,76.21,75.48,76.82,74.54,2.05,"[4.5, 3.5, 1.0, 0.0]",4.5,3.5,1.0,0.0,False,False,False,False,False,False,False,False,74.92,False,False
BILI,Bilibili Inc. American Depositary Shares,7860249742.0,4231784,4,False,2025-02-20,Before market open,23.25,True,2.21,"[5.0, 6.0, 0.0, 0.0]","[0.215, 0.19, 0.235, 0.36]",0.55,8.75553369404821,-12.15,+/+,20.33,23.25,22.11,24.29,21.35,23.45,22.82,24.77,22.77,20.53,21.96,20.14,21.3,21.69,20.83,21.18,22.34,20.92,20.7,21.16,20.25,2.21,"[5.0, 6.0, 0.0, 0.0]",5.0,6.0,0.0,0.0,False,False,False,False,False,False,False,False,22.11,True,True
BIO,Bio-Rad Laboratories Inc. Class A Common Stock,6984931708.0,387303,4,False,2025-02-13,After market close,301.98,True,-0.21,"[2.5, -6.0, 1.0, 0.0]","[0.3, 0.19, 0.18, 0.33]",0.45,-11.269048533743113,3.11,-/-,312.36,314.64,306.36,315.0,300.64,301.98,277.16,301.98,273.67,283.21,284.99,275.5,283.73,286.84,281.54,285.63,289.96,284.15,280.08,286.91,275.97,-0.21,"[2.5, -6.0, 1.0, 0.0]",2.5,-6.0,1.0,0.0,True,False,False,False,True,False,False,False,277.16,True,False
BMRN,BioMarin Pharmaceutical Inc. Common Stock,11769272561.0,1689919,4,False,2025-02-19,After market close,70.0,True,2.27,"[5.5, 3.0, 1.0, 0.0]","[0.27, 0.19, 0.21, 0.33]",0.75,5.96669750231268,-5.65,+/+,64.86,64.65,65.61,65.69,64.39,70.0,68.73,70.5,67.11,68.25,70.26,67.76,69.01,70.14,67.69,71.17,71.58,69.29,68.81,71.3,68.45,2.27,"[5.5, 3.0, 1.0, 0.0]",5.5,3.0,1.0,0.0,False,False,False,False,False,False,False,False,68.73,True,True
BNTX,BioNTech SE American Depositary Share,23341960105.0,818221,4,False,2025-03-10,Before market open,105.77,True,0.73,"[5.0, -3.0, 1.0, 0.0]","[0.2, 0.16, 0.215, 0.425]",0.65,-3.153153153153159,3.5,+/-,108.78,105.77,105.35,107.46,103.48,103.53,98.39,104.76,98.25,100.31,101.07,97.82,97.46,104.17,97.41,99.47,99.7,97.94,100.86,102.82,99.18,0.73,"[5.0, -3.0, 1.0, 0.0]",5.0,-3.0,1.0,0.0,True,False,False,False,True,False,False,False,105.35,False,False
BIIB,Biogen Inc. Common Stock,18228062301.0,2554633,4,False,2025-02-12,Before market open,136.76,True,0.15,"[5.5, -5.0, -1.0, 0.0]","[0.25, 0.2, 0.225, 0.3]",0.45,-4.275773010976383,2.04,+/-,139.39,136.76,133.43,137.79,128.51,132.15,138.45,139.1,132.15,137.33,141.69,136.05,136.57,139.16,135.94,136.68,137.79,135.02,137.08,138.94,136.52,0.15,"[5.5, -5.0, -1.0, 0.0]",5.5,-5.0,-1.0,0.0,True,False,False,False,False,False,False,False,133.43,False,False
BIRK,Birkenstock Holding plc Ordinary Shares,10007539883.0,2706344,5,False,2025-02-20,Before market open,53.51,True,-1.3,"[-5.0, 3.0, 0.0, 0.0]","[0.38, 0.2, 0.2, 0.22]",0.5,-1.2250868531724166,0.86,-/-,54.69,53.51,54.02,55.36,50.68,53.21,51.8,53.93,51.7,51.58,52.71,51.37,50.85,51.82,50.37,50.74,52.87,50.45,49.16,51.28,49.03,-1.3,"[-5.0, 3.0, 0.0, 0.0]",-5.0,3.0,0.0,0.0,False,False,True,False,False,False,False,False,54.02,True,False
BLK,BlackRock Inc. Common Stock,148423929183.0,807999,1,False,2025-01-15,Before market open,1019.77,True,2.18,"[4.0, 3.5, 1.0, 0.0]","[0.32, 0.2, 0.2, 0.28]",0.7,5.1922298244339,-3.7,+/+,963.17,1019.77,1013.18,1025.45,991.0,1016.54,995.72,1016.54,982.18,1004.96,1012.81,997.01,1012.09,1026.95,1003.72,1006.34,1013.82,998.25,1017.73,1017.81,1000.83,2.18,"[4.0, 3.5, 1.0, 0.0]",4.0,3.5,1.0,0.0,False,False,False,False,False,False,False,False,1013.18,True,True
BX,Blackstone Inc. Common Stock,108717547530.0,6669123,4,False,2025-01-30,Before market open,188.0,True,2.17,"[4.5, 1.5, 1.0, 0.0]","[0.37, 0.2, 0.2, 0.23]",0.75,-4.0996871291401416,0.76,+/-,185.38,188.0,177.78,188.85,176.11,180.77,177.11,181.5,176.6,173.54,175.48,170.25,170.83,175.67,169.36,174.85,175.06,169.0,174.55,177.78,172.21,2.17,"[4.5, 1.5, 1.0, 0.0]",4.5,1.5,1.0,0.0,False,False,False,False,False,False,False,False,177.78,False,False
BXMT,Blackstone Mortgage Trust Inc. Common Stock,3371550734.0,1090407,4,False,2025-02-12,Before market open,18.53,True,2.58,"[5.5, 4.5, 1.0, -3.0]","[0.4, 0.19, 0.19, 0.22]",0.65,1.5847860538827296,4.69,+/+,18.93,18.53,19.23,19.68,18.52,19.4,19.87,20.0,19.25,20.33,20.36,19.92,20.53,20.67,20.21,20.65,20.73,20.29,20.57,21.09,20.53,2.58,"[5.5, 4.5, 1.0, -3.0]",5.5,4.5,1.0,-3.0,True,False,True,False,True,False,False,False,19.23,True,True
BPMC,Blueprint Medicines Corporation Common Stock,6478236771.0,717805,4,False,2025-02-13,Before market open,95.0,True,1.77,"[7.0, 3.0, 1.0, -1.0]","[0.2, 0.19, 0.205, 0.405]",0.65,-8.08227114716107,10.04,+/-,103.56,95.0,95.19,100.82,94.71,96.28,93.94,96.38,92.56,92.48,95.1,91.61,94.07,94.49,90.84,94.35,96.78,93.12,92.25,95.6,91.71,1.77,"[7.0, 3.0, 1.0, -1.0]",7.0,3.0,1.0,-1.0,True,False,True,False,True,False,False,False,95.19,False,False
BKNG,Booking Holdings Inc. Common Stock,169046730507.0,293837,5,False,2025-04-29,After market close,4732.23,True,2.02,"[3.5, 4.0, 1.0, 0.0]","[0.29, 0.2, 0.21, 0.3]",0.7,4.28082086728903,5.25,+/+,4889.95,4849.99,4909.23,4930.12,4841.81,4732.23,5099.28,5116.14,4722.77,5101.43,5159.92,4970.0,5202.8,5226.78,5118.3,5191.12,5250.0,5175.0,5162.37,5215.9,5152.08,2.02,"[3.5, 4.0, 1.0, 0.0]",3.5,4.0,1.0,0.0,True,False,True,False,True,False,False,False,5099.28,True,True
BOOT,Boot Barn Holdings Inc. Common Stock,4078043434.0,1738198,4,False,2025-01-30,After market close,157.25,True,2.67,"[8.0, 3.0, -1.0, 0.0]","[0.29, 0.18, 0.19, 0.34]",0.65,-7.258994464944651,12.0,+/-,173.44,174.25,174.52,176.53,172.21,157.25,160.85,173.15,155.25,145.52,156.54,144.15,144.22,147.23,140.66,144.06,144.99,139.57,141.28,146.24,140.72,2.67,"[8.0, 3.0, -1.0, 0.0]",8.0,3.0,-1.0,0.0,True,False,True,False,False,False,False,False,160.85,False,False
BWA,BorgWarner Inc. Common Stock,7169465166.0,2601325,4,False,2025-02-06,Before market open,31.86,True,7.18,"[7.0, 3.5, 1.0, 15.0]","[0.25, 0.2, 0.225, 0.3]",0.65,-2.9836381135707515,4.97,+/-,31.17,31.86,30.24,32.98,29.98,30.48,30.02,30.48,29.33,29.34,30.42,29.28,29.44,29.85,29.23,28.89,29.19,28.65,29.4,29.61,28.89,7.18,"[7.0, 3.5, 1.0, 15.0]",7.0,3.5,1.0,15.0,False,False,False,False,False,False,False,False,30.24,False,False
BSX,Boston Scientific Corporation Common Stock,152190645510.0,6974620,4,False,2025-02-05,Before market open,102.94,True,3.18,"[6.5, 4.5, 1.0, 0.0]","[0.32, 0.2, 0.2, 0.28]",0.7,1.3811087502414454,3.76,+/+,103.54,102.94,104.97,107.17,102.44,105.72,105.02,105.9,104.73,105.25,105.92,104.29,106.18,106.32,105.27,105.98,106.15,105.25,105.77,106.2,104.75,3.18,"[6.5, 4.5, 1.0, 0.0]",6.5,4.5,1.0,0.0,True,False,True,False,True,False,False,False,104.97,True,True
BYD,Boyd Gaming Corporation Common Stock,6087322322.0,1217524,4,False,2025-02-06,After market close,80.0,True,2.92,"[7.5, 3.0, 1.0, 0.0]","[0.29, 0.18, 0.21, 0.32]",0.7,0.9543731206693739,-1.67,+/+,76.49,76.59,78.57,78.63,76.53,80.0,77.22,80.5,76.38,77.68,78.41,77.13,77.71,78.18,76.6,76.98,78.68,76.64,78.07,78.14,76.57,2.92,"[7.5, 3.0, 1.0, 0.0]",7.5,3.0,1.0,0.0,False,False,False,False,False,False,False,False,77.22,True,True
EAT,Brinker International Inc. Common Stock,6472087877.0,1612956,4,False,2025-01-29,Before market open,176.58,True,3.44,"[7.0, 5.5, 1.0, 0.0]","[0.305, 0.2, 0.21, 0.285]",0.7,16.2861393182847,-10.77,+/+,154.61,176.58,179.79,181.09,171.2,183.0,182.5,184.19,178.68,181.97,187.08,181.65,189.14,190.37,177.08,188.01,192.22,186.5,187.95,188.4,185.7,3.44,"[7.0, 5.5, 1.0, 0.0]",7.0,5.5,1.0,0.0,False,False,False,False,False,False,False,False,179.79,True,True
BMY,Bristol-Myers Squibb Company Common Stock,98050193426.0,25598873,5,False,2025-04-24,Before market open,47.94,True,0.95,"[5.0, -5.0, 1.0, 0.0]","[0.35, 0.2, 0.2, 0.25]",0.5,0.32969297341849696,2.17,+/+,48.53,47.94,48.69,48.84,46.93,48.87,47.9,48.95,46.96,48.46,48.86,47.92,49.22,49.48,48.15,50.2,50.35,49.15,49.61,50.18,48.69,0.95,"[5.0, -5.0, 1.0, 0.0]",5.0,-5.0,1.0,0.0,True,False,False,False,True,False,False,False,48.69,True,True
BRX,Brixmor Property Group Inc. Common Stock,8083048377.0,2254630,5,False,2025-04-28,After market close,25.47,True,1.11,"[4.0, -3.0, 1.0, 0.0]","[0.38, 0.2, 0.19, 0.23]",0.48,-3.374709076803727,2.31,+/-,25.78,25.91,26.01,26.11,25.61,25.47,24.91,25.77,24.78,24.91,24.94,24.37,25.42,25.65,24.69,25.7,26.01,25.46,25.3,25.56,25.23,1.11,"[4.0, -3.0, 1.0, 0.0]",4.0,-3.0,1.0,0.0,True,False,False,False,True,False,False,False,24.91,False,False
BR,Broadridge Financial Solutions Inc. Common Stock,27844708452.0,703319,4,False,2025-01-31,Before market open,231.03,True,3.33,"[6.5, 3.5, 1.0, 0.0]","[0.38, 0.19, 0.19, 0.24]",0.7,-0.376380060220812,6.71,+/-,239.12,231.03,238.22,241.25,230.69,237.12,238.65,240.16,234.31,240.59,242.03,237.61,240.09,242.39,240.05,240.03,241.22,238.43,240.42,241.45,239.06,3.33,"[6.5, 3.5, 1.0, 0.0]",6.5,3.5,1.0,0.0,True,False,True,False,True,False,False,False,238.22,False,False
BN,Brookfield Corporation Class A Limited Voting Shares,96711054216.0,2195746,4,False,2025-02-13,Before market open,60.2,True,3.73,"[4.5, 1.3, 1.0, 7.0]","[0.335, 0.2, 0.215, 0.25]",0.75,3.055128861580473,0.98,+/+,58.59,60.2,60.38,61.02,59.63,61.38,60.92,61.5,60.64,61.31,61.42,60.75,60.52,60.88,60.0,60.03,61.19,59.29,58.86,60.4,58.37,3.73,"[4.5, 1.3, 1.0, 7.0]",4.5,1.3,1.0,7.0,False,False,False,False,False,False,False,False,60.38,True,True
BRO,Brown & Brown Inc. Common Stock,31744654121.0,1574788,4,False,2025-01-27,After market close,109.06,True,1.62,"[3.5, 2.0, 0.0, 0.0]","[0.35, 0.2, 0.2, 0.25]",0.65,-0.9245283018867962,-1.27,+/-,106.0,106.75,107.84,108.15,105.73,109.06,105.02,109.06,104.23,103.17,104.93,103.0,105.46,105.6,103.32,104.66,106.03,104.51,105.54,105.89,103.54,1.62,"[3.5, 2.0, 0.0, 0.0]",3.5,2.0,0.0,0.0,False,False,False,False,False,False,False,False,105.02,False,False
BRKR,Bruker Corporation Common Stock,6100670389.0,4530862,4,False,2025-02-13,Before market open,53.11,True,0.35,"[4.5, -5.0, 1.0, 0.0]","[0.25, 0.2, 0.225, 0.3]",0.45,-0.9680542110358179,-2.48,+/-,51.65,53.11,51.15,53.11,48.61,51.5,50.04,51.95,49.84,50.75,51.64,49.89,51.54,51.62,49.29,52.92,54.48,52.41,50.82,52.92,50.44,0.35,"[4.5, -5.0, 1.0, 0.0]",4.5,-5.0,1.0,0.0,False,False,False,True,False,False,False,False,51.15,False,False
BLDR,Builders FirstSource Inc. Common Stock,13039643376.0,2746583,5,False,2025-05-01,Before market open,116.05,True,0.61,"[3.5, -3.0, 1.0, 0.0]","[0.29, 0.2, 0.2, 0.31]",0.4,-6.436512580456398,3.6,+/-,119.63,116.05,111.93,118.7,111.42,113.32,114.13,115.92,112.78,111.86,114.72,111.53,107.15,111.21,106.66,105.99,108.49,103.81,111.07,111.77,106.51,0.61,"[3.5, -3.0, 1.0, 0.0]",3.5,-3.0,1.0,0.0,True,False,False,False,True,False,False,False,111.93,False,False
BURL,Burlington Stores Inc. Common Stock,16403495288.0,1278964,4,False,2025-03-06,Before market open,268.6,True,1.91,"[10.0, -7.0, 1.0, 0.0]","[0.31, 0.2, 0.21, 0.28]",0.55,8.736020257438273,-11.45,+/+,236.95,268.6,257.65,268.6,255.96,252.4,240.22,254.7,230.54,232.71,237.59,220.73,235.43,237.55,227.37,243.25,250.65,240.35,228.41,243.04,224.81,1.91,"[10.0, -7.0, 1.0, 0.0]",10.0,-7.0,1.0,0.0,False,False,False,True,False,False,False,False,257.65,True,True
CACI,CACI International Inc. Class A Common Stock,10462646841.0,253243,4,False,2025-01-22,After market close,443.55,True,2.3,"[4.5, 4.5, 1.0, 0.0]","[0.29, 0.18, 0.19, 0.34]",0.65,-9.359817704974423,6.95,+/-,465.18,466.43,465.11,475.32,460.37,443.55,421.64,453.7,417.03,406.42,426.47,401.99,420.81,424.0,406.42,392.1,420.14,388.49,385.71,401.56,384.21,2.3,"[4.5, 4.5, 1.0, 0.0]",4.5,4.5,1.0,0.0,True,False,True,False,True,False,False,False,421.64,False,False
CAVA,CAVA Group Inc. Common Stock,11413809323.0,2549970,4,False,2025-02-25,After market close,101.3,True,-2.04,"[7.0, -8.5, 1.0, -5.0]","[0.185, 0.19, 0.235, 0.39]",0.45,-5.0470159278449485,0.76,-/-,104.22,102.64,99.3,103.0,97.73,101.3,98.96,101.58,94.55,90.08,98.98,89.68,95.03,95.41,88.75,87.65,95.51,87.23,86.25,87.37,81.68,-2.04,"[7.0, -8.5, 1.0, -5.0]",7.0,-8.5,1.0,-5.0,True,False,False,False,True,False,False,False,98.96,True,False
CBRE,CBRE Group Inc Common Stock Class A,39555532945.0,2210091,4,False,2025-02-13,Before market open,136.04,True,1.82,"[8.0, -3.5, 1.0, 0.0]","[0.29, 0.2, 0.2, 0.31]",0.65,1.7632420902950512,5.1,+/+,140.65,136.04,143.13,144.31,136.04,142.6,143.73,145.59,140.77,143.8,144.49,141.19,143.68,143.9,140.54,141.67,143.79,140.52,135.78,141.87,135.19,1.82,"[8.0, -3.5, 1.0, 0.0]",8.0,-3.5,1.0,0.0,True,False,False,False,True,False,False,False,143.13,True,True
CALM,Cal-Maine Foods Inc. Common Stock,4545088650.0,831490,4,False,2025-01-07,After market close,109.78,True,3.46,"[6.5, 4.0, 1.0, 0.0]","[0.38, 0.2, 0.19, 0.23]",0.7,-0.019093078758946083,-1.34,+/-,104.75,104.76,103.68,106.13,103.53,109.78,104.73,112.53,103.53,,,,101.93,106.45,101.46,107.0,107.61,102.21,109.97,110.7,107.34,3.46,"[6.5, 4.0, 1.0, 0.0]",6.5,4.0,1.0,0.0,False,False,False,False,False,False,False,False,104.73,False,False
CAH,Cardinal Health Inc. Common Stock,35472176483.0,3997803,4,False,2025-01-30,Before market open,127.16,True,1.75,"[4.5, 1.5, 1.0, 0.0]","[0.29, 0.18, 0.18, 0.35]",0.7,0.3913587977457622,2.22,+/+,127.76,127.16,128.26,132.84,125.0,126.8,123.66,127.98,122.86,125.33,126.47,123.0,125.17,127.47,123.57,127.45,128.56,126.33,127.05,127.19,125.74,1.75,"[4.5, 1.5, 1.0, 0.0]",4.5,1.5,1.0,0.0,True,False,True,False,True,False,False,False,128.26,True,True
CARR,Carrier Global Corporation Common Stock ,62960835164.0,5802043,4,False,2025-02-11,Before market open,64.5,True,3.57,"[4.0, 3.5, 1.0, 5.0]","[0.29, 0.2, 0.21, 0.3]",0.7,-1.6155820625094477,6.18,+/-,66.23,64.5,65.16,65.79,63.3,63.99,63.6,64.19,62.76,63.67,64.04,63.22,65.13,65.35,63.86,66.59,66.77,64.89,65.98,66.59,65.88,3.57,"[4.0, 3.5, 1.0, 5.0]",4.0,3.5,1.0,5.0,True,False,True,False,True,False,True,False,65.16,False,False
CASY,Casey's General Stores Inc. Common Stock,16213580947.0,666430,4,False,2025-03-11,After market close,392.45,True,0.95,"[5.0, -3.5, 1.0, 0.0]","[0.29, 0.2, 0.2, 0.31]",0.6,5.3421714525256725,-1.87,+/+,381.68,380.0,378.71,387.45,372.09,392.45,402.07,412.21,388.54,385.02,404.99,384.06,395.63,396.34,381.33,399.68,402.07,391.04,386.89,397.65,386.04,0.95,"[5.0, -3.5, 1.0, 0.0]",5.0,-3.5,1.0,0.0,False,False,False,True,False,False,False,False,402.07,True,True
CAT,Caterpillar Inc. Common Stock,161355364479.0,4592046,4,False,2025-01-30,Before market open,373.5,True,2.06,"[3.5, 3.0, 1.0, 0.0]","[0.37, 0.19, 0.19, 0.25]",0.65,-4.641049767311752,7.08,+/-,393.23,373.5,374.98,380.81,373.16,377.46,371.44,378.0,371.28,361.55,368.55,359.69,361.95,369.66,359.41,358.85,363.0,357.2,365.45,367.54,362.52,2.06,"[3.5, 3.0, 1.0, 0.0]",3.5,3.0,1.0,0.0,True,False,True,False,True,False,False,False,374.98,False,False
CAKE,Cheesecake Factory Incorporated (The) Common Stock,2601706733.0,1517868,5,False,2025-04-30,After market close,49.85,True,3.23,"[7.0, 2.0, 1.0, 0.0]","[0.38, 0.19, 0.19, 0.24]",0.6,-3.0010070493454224,2.83,+/-,49.65,48.44,50.37,50.57,47.23,49.85,48.16,51.85,47.78,50.31,50.74,48.36,50.4,50.96,49.31,49.5,49.59,48.57,50.11,50.69,49.44,3.23,"[7.0, 2.0, 1.0, 0.0]",7.0,2.0,1.0,0.0,False,False,False,False,False,False,False,False,48.16,False,False
CC,Chemours Company (The) Common Stock,1794593766.0,6168570,4,False,2025-02-18,Before market open,17.44,True,1.23,"[8.0, -5.0, -1.0, 0.0]","[0.29, 0.18, 0.19, 0.34]",0.45,3.8621509209744636,-2.39,+/+,16.83,17.44,17.48,17.71,16.44,16.72,17.16,17.32,16.72,17.48,17.79,17.19,16.76,17.79,16.74,16.15,16.74,16.15,15.8,16.32,14.94,1.23,"[8.0, -5.0, -1.0, 0.0]",8.0,-5.0,-1.0,0.0,False,False,False,True,False,True,False,False,17.48,True,True
CB,Chubb Limited  Common Stock,116070201033.0,1516364,4,False,2025-01-28,After market close,268.01,True,0.61,"[4.5, -4.0, 1.0, -1.0]","[0.33, 0.2, 0.195, 0.275]",0.35,-0.23870664400160044,3.68,+/-,276.49,276.48,272.27,277.29,271.99,268.01,275.83,281.2,267.68,274.78,278.12,272.94,271.88,275.46,271.52,273.93,274.41,268.3,272.23,275.4,271.96,0.61,"[4.5, -4.0, 1.0, -1.0]",4.5,-4.0,1.0,-1.0,True,False,False,False,True,False,False,False,275.83,False,False
C,Citigroup Inc. Common Stock,139911929969.0,18464084,5,False,2025-04-15,Before market open,64.19,True,0.06,"[5.0, -8.0, 1.0, 0.0]","[0.29, 0.2, 0.21, 0.3]",0.32,1.7557734894020869,-1.47,+/+,63.22,64.19,64.33,66.29,63.84,63.06,62.1,63.82,61.3,63.25,63.78,61.84,62.69,63.14,61.95,64.55,64.97,63.51,66.3,68.82,66.16,0.06,"[5.0, -8.0, 1.0, 0.0]",5.0,-8.0,1.0,0.0,False,False,False,True,False,False,False,False,64.33,True,True
CCEP,Coca-Cola Europacific Partners plc Ordinary Shares,40262362811.0,1632019,2,False,2025-02-14,Before market open,82.74,True,1.42,"[2.0, 2.5, 1.0, 0.0]","[0.38, 0.19, 0.19, 0.24]",0.65,2.6478055857816614,1.38,+/+,82.71,82.74,84.9,85.61,82.74,84.9,86.74,86.98,84.61,86.85,87.03,86.11,86.55,86.83,86.2,87.29,87.59,86.57,87.2,88.39,87.06,1.42,"[2.0, 2.5, 1.0, 0.0]",2.0,2.5,1.0,0.0,False,False,False,False,False,False,False,False,84.9,True,True
CAG,ConAgra Brands Inc. Common Stock,11127319176.0,8948892,4,False,2024-12-19,Before market open,26.95,True,0.45,"[4.0, -5.0, 1.0, 0.0]","[0.31, 0.2, 0.21, 0.28]",0.45,-2.0460358056266066,1.98,+/-,27.37,26.95,26.81,27.2,26.35,26.72,27.11,27.24,26.72,27.53,27.55,26.92,27.64,27.64,27.33,27.55,27.8,27.41,27.66,27.74,27.31,0.45,"[4.0, -5.0, 1.0, 0.0]",4.0,-5.0,1.0,0.0,True,False,False,False,True,False,False,False,26.81,False,False
ED,Consolidated Edison Inc. Common Stock,37305060679.0,3918415,5,False,2025-05-01,After market close,110.36,True,3.23,"[6.5, 3.0, 1.0, 0.0]","[0.38, 0.19, 0.19, 0.24]",0.65,-2.4124168514412405,5.35,+/-,112.75,112.9,112.56,113.46,111.54,110.36,110.03,111.89,109.25,109.52,110.67,108.9,110.47,111.34,109.03,111.04,111.76,110.21,107.75,110.95,107.5,3.23,"[6.5, 3.0, 1.0, 0.0]",6.5,3.0,1.0,0.0,True,False,True,False,True,False,False,False,110.03,False,False
DHI,D.R. Horton Inc. Common Stock,38747848425.0,3379642,5,False,2025-04-17,Before market open,121.42,True,0.47,"[2.5, -3.5, 1.0, 0.0]","[0.38, 0.19, 0.19, 0.24]",0.45,3.156372298791895,-2.83,+/+,117.54,121.42,121.25,123.0,117.54,120.36,120.76,121.15,117.75,124.96,125.29,121.04,124.79,129.08,124.48,126.04,126.49,123.81,124.56,125.78,123.48,0.47,"[2.5, -3.5, 1.0, 0.0]",2.5,-3.5,1.0,0.0,False,False,False,True,False,False,False,False,121.25,True,True
DTM,DT Midstream Inc. Common Stock ,10176339017.0,902301,4,False,2025-02-26,Before market open,96.93,True,2.97,"[4.0, 4.0, 5.0, -1.0]","[0.355, 0.2, 0.2, 0.245]",0.65,-0.9290187891440507,1.79,+/-,95.8,96.93,94.91,97.5,93.23,93.77,92.93,94.69,91.8,96.09,96.26,92.68,94.59,97.78,93.39,93.24,95.25,91.38,93.62,94.07,91.49,2.97,"[4.0, 4.0, 5.0, -1.0]",4.0,4.0,5.0,-1.0,False,False,False,False,False,False,False,True,94.91,False,False
DTE,DTE Energy Company Common Stock,27620337274.0,1376565,4,False,2025-02-13,Before market open,123.71,True,3.73,"[3.5, 1.5, 1.0, 8.0]","[0.38, 0.19, 0.19, 0.24]",0.65,2.9148884773331223,4.12,+/+,124.19,123.71,127.81,128.74,123.48,128.67,129.04,130.22,128.34,129.55,130.36,128.57,130.38,130.53,128.97,131.18,131.84,128.27,131.99,132.88,129.8,3.73,"[3.5, 1.5, 1.0, 8.0]",3.5,1.5,1.0,8.0,True,False,True,False,True,False,True,False,127.81,True,True
DVA,DaVita Inc. Common Stock,11554400000.0,1279627,4,False,2025-02-13,After market close,154.0,True,2.09,"[5.0, 2.2, -1.0, 0.0]","[0.37, 0.2, 0.2, 0.23]",0.55,-8.476744186046519,12.56,+/-,172.0,172.79,177.06,178.38,172.52,154.0,157.42,159.27,150.11,155.05,158.21,153.0,154.96,155.64,152.47,145.92,154.54,144.0,142.4,144.76,141.0,2.09,"[5.0, 2.2, -1.0, 0.0]",5.0,2.2,-1.0,0.0,True,False,True,False,False,False,False,False,157.42,False,False
DHR,Danaher Corporation Common Stock,143727924563.0,7207174,4,False,2025-01-29,Before market open,235.02,True,1.77,"[3.5, 3.0, 1.0, 0.0]","[0.29, 0.19, 0.19, 0.33]",0.75,-9.728050355067792,6.94,+/-,247.84,235.02,223.73,235.74,223.0,225.0,223.08,228.99,221.34,222.74,227.5,222.37,214.26,219.94,214.03,215.01,215.15,210.04,212.13,216.44,210.93,1.77,"[3.5, 3.0, 1.0, 0.0]",3.5,3.0,1.0,0.0,True,False,True,False,True,False,False,False,223.73,False,False
DRI,Darden Restaurants Inc. Common Stock,23855800247.0,3983862,4,False,2025-03-20,Before market open,198.41,True,2.29,"[4.5, 3.0, 1.0, 0.0]","[0.33, 0.2, 0.2, 0.27]",0.7,5.771990433165019,-3.16,+/+,188.15,198.41,199.01,203.47,195.59,199.08,199.93,200.38,195.55,208.56,210.47,202.34,207.17,208.92,205.63,207.45,209.03,205.99,207.99,211.0,206.32,2.29,"[4.5, 3.0, 1.0, 0.0]",4.5,3.0,1.0,0.0,False,False,False,False,False,False,False,False,199.01,True,True
DNN,Denison Mines Corp Ordinary Shares (Canada),1379445916.0,51259884,3,False,2024-11-07,After market close,2.11,True,3.27,"[3.5, 4.5, -0.03, 5.0]","[0.25, 0.2, 0.225, 0.3]",0.65,0.0,-0.16,+/-,2.04,2.06,2.12,2.19,2.01,2.11,2.04,2.13,2.01,2.04,2.06,1.97,2.15,2.17,1.99,2.08,2.2,2.06,2.07,2.09,2.02,3.27,"[3.5, 4.5, -0.03, 5.0]",3.5,4.5,-0.03,5.0,False,False,False,False,False,True,False,False,2.04,False,False
DVN,Devon Energy Corporation Common Stock,21542455000.0,8035649,4,False,2025-02-18,After market close,36.2,True,1.11,"[4.5, -2.0, 1.0, -0.5]","[0.32, 0.2, 0.21, 0.27]",0.5,8.458429561200923,-3.39,+/+,34.64,34.99,34.88,35.5,34.37,36.2,37.57,38.64,36.2,38.55,38.88,37.71,37.49,38.65,37.35,37.31,37.66,36.9,35.88,37.24,35.78,1.11,"[4.5, -2.0, 1.0, -0.5]",4.5,-2.0,1.0,-0.5,False,False,False,True,False,False,False,True,37.57,True,True
DXCM,DexCom Inc. Common Stock,33348742960.0,4030142,4,False,2025-02-13,After market close,86.03,True,0.83,"[7.5, -5.0, -1.0, 0.0]","[0.26, 0.18, 0.22, 0.34]",0.43,6.200071539286977,-1.75,+/+,83.87,83.96,84.09,84.58,83.2,86.03,89.07,89.84,86.0,90.53,93.25,89.57,89.68,91.74,89.12,89.34,89.84,88.36,88.78,89.87,87.56,0.83,"[7.5, -5.0, -1.0, 0.0]",7.5,-5.0,-1.0,0.0,False,False,False,True,False,True,False,False,89.07,True,True
DKS,Dick's Sporting Goods Inc Common Stock,16962944820.0,2577872,4,False,2025-03-11,Before market open,206.04,True,2.3,"[5.0, 3.0, 1.0, 0.0]","[0.3, 0.2, 0.2, 0.3]",0.65,-5.710359207658048,4.66,+/-,211.02,206.04,198.97,213.0,195.86,198.13,195.17,201.31,193.27,186.55,195.06,186.09,194.5,194.96,187.76,197.81,197.93,192.2,193.25,196.53,193.11,2.3,"[5.0, 3.0, 1.0, 0.0]",5.0,3.0,1.0,0.0,True,False,True,False,True,False,False,False,198.97,False,False
DLR,Digital Realty Trust Inc. Common Stock,55907387174.0,1931214,4,False,2025-02-13,After market close,164.81,True,1.71,"[3.5, 2.5, 1.0, 0.0]","[0.29, 0.2, 0.2, 0.31]",0.75,0.6494302168851871,0.74,+/+,163.22,161.53,164.81,165.15,161.53,164.81,164.28,165.66,157.22,165.65,167.86,164.73,169.61,169.97,164.67,172.0,172.11,167.77,165.36,171.73,164.61,1.71,"[3.5, 2.5, 1.0, 0.0]",3.5,2.5,1.0,0.0,False,False,False,False,False,False,False,False,164.28,True,True
DFS,Discover Financial Services Common Stock,50952259444.0,2949782,4,False,2025-01-22,After market close,199.0,True,2.38,"[4.5, 4.5, -1.0, 0.0]","[0.38, 0.19, 0.19, 0.24]",0.65,6.181971890520986,-2.77,+/+,189.26,190.37,197.5,198.97,190.15,199.0,200.96,204.93,196.01,202.1,203.06,199.94,200.33,202.22,198.0,199.53,202.08,197.93,201.03,202.81,197.49,2.38,"[4.5, 4.5, -1.0, 0.0]",4.5,4.5,-1.0,0.0,False,False,False,False,False,True,False,False,200.96,True,True
DOCU,DocuSign Inc. Common Stock,17790746799.0,1711994,4,False,2025-03-13,After market close,81.52,True,2.42,"[5.5, 4.5, 1.0, 0.0]","[0.25, 0.18, 0.23, 0.34]",0.75,7.02608261574942,0.69,+/+,80.13,79.16,74.7,79.36,74.26,81.52,85.76,88.7,80.75,83.43,88.32,83.32,85.01,85.47,82.05,85.61,86.21,82.36,85.11,87.49,84.58,2.42,"[5.5, 4.5, 1.0, 0.0]",5.5,4.5,1.0,0.0,False,False,False,False,False,False,False,False,85.76,True,True
DG,Dollar General Corporation Common Stock,19683064010.0,5487442,3,False,2024-12-05,Before market open,80.17,True,2.77,"[5.2, 4.0, 1.0, 0.0]","[0.34, 0.2, 0.2, 0.26]",0.65,0.12578616352200545,1.93,+/+,79.5,80.17,79.6,80.8,75.35,81.32,81.59,84.75,80.88,80.8,81.76,79.89,82.39,82.98,79.24,79.82,82.69,79.74,78.42,80.21,77.94,2.77,"[5.2, 4.0, 1.0, 0.0]",5.2,4.0,1.0,0.0,False,False,False,False,False,False,False,False,79.6,True,True
DLTR,Dollar Tree Inc. Common Stock,19142388246.0,6166869,3,False,2024-12-04,Before market open,76.02,True,2.39,"[5.0, 4.0, 1.0, 0.0]","[0.29, 0.19, 0.18, 0.34]",0.7,1.8625827814569458,-2.49,+/+,72.48,76.02,73.83,76.47,72.2,75.28,72.56,76.76,71.33,71.87,74.87,71.64,71.6,73.86,71.15,72.8,73.69,69.92,71.63,74.56,71.5,2.39,"[5.0, 4.0, 1.0, 0.0]",5.0,4.0,1.0,0.0,False,False,False,False,False,False,False,False,73.83,True,True
DPZ,Domino's Pizza Inc Common Stock,16508158476.0,772677,5,False,2025-04-28,Before market open,477.02,True,2.42,"[5.0, 4.0, 0.0, 0.0]","[0.325, 0.2, 0.225, 0.25]",0.65,0.6275893186759101,4.59,+/+,487.58,477.02,490.64,497.56,471.0,489.0,493.43,498.36,485.95,490.37,493.93,482.3,481.39,490.82,480.93,484.61,489.45,475.0,477.84,484.3,477.69,2.42,"[5.0, 4.0, 0.0, 0.0]",5.0,4.0,0.0,0.0,True,False,True,False,False,False,False,False,490.64,True,True
DOV,Dover Corporation Common Stock,25170990738.0,1152214,4,False,2025-01-30,Before market open,210.0,True,2.48,"[4.5, 3.5, 1.0, 0.0]","[0.36, 0.19, 0.19, 0.26]",0.65,4.083907580056736,-3.92,+/+,197.36,210.0,205.42,214.57,202.59,206.85,203.68,208.31,202.27,202.28,204.38,198.55,202.92,222.31,201.76,204.73,205.22,201.04,204.66,205.51,203.43,2.48,"[4.5, 3.5, 1.0, 0.0]",4.5,3.5,1.0,0.0,False,False,False,False,False,False,False,False,205.42,True,True
DOW,Dow Inc. Common Stock ,21898576643.0,11832538,5,False,2025-04-24,Before market open,28.52,True,-0.8,"[-5.0, 6.0, -1.0, 0.0]","[0.36, 0.2, 0.2, 0.24]",0.35,2.620689655172419,0.86,-/+,29.0,28.52,29.76,30.18,28.05,29.34,30.02,30.08,29.12,29.95,30.94,29.71,30.65,30.72,29.77,30.59,30.64,29.76,30.53,30.84,30.27,-0.8,"[-5.0, 6.0, -1.0, 0.0]",-5.0,6.0,-1.0,0.0,False,False,True,False,False,False,False,False,29.76,False,True
DOCS,Doximity Inc. Class A Common Stock,11453368950.0,3819251,4,False,2025-02-06,After market close,72.5,True,3.7,"[7.5, 8.0, 1.0, 0.0]","[0.26, 0.19, 0.23, 0.32]",0.7,36.274509803921575,-21.0,+/+,58.14,58.71,58.26,59.0,57.27,72.5,79.23,80.71,71.5,83.14,85.21,80.39,74.94,80.25,74.28,75.18,75.87,73.22,76.99,76.99,72.23,3.7,"[7.5, 8.0, 1.0, 0.0]",7.5,8.0,1.0,0.0,False,False,False,False,False,False,False,False,79.23,True,True
DKNG,DraftKings Inc. Class A Common Stock,18824113984.0,14913628,4,False,2025-02-13,After market close,48.72,True,2.06,"[5.0, 4.0, 1.5, 0.0]","[0.17, 0.21, 0.25, 0.37]",0.75,17.71566901408452,-5.16,+/+,45.44,44.96,46.45,47.1,44.84,48.72,53.49,53.61,48.04,51.49,53.5,50.3,50.78,51.15,49.35,49.44,50.5,47.83,45.57,49.59,45.47,2.06,"[5.0, 4.0, 1.5, 0.0]",5.0,4.0,1.5,0.0,False,False,False,False,False,False,False,False,53.49,True,True
DUK,Duke Energy Corporation (Holding Company) Common Stock,90045235846.0,5661202,4,False,2025-02-13,Before market open,115.3,True,2.41,"[1.5, 2.0, 1.0, 5.0]","[0.34, 0.2, 0.2, 0.26]",0.65,-2.0795737733092734,3.33,+/-,116.37,115.3,113.95,115.66,112.88,113.27,111.6,113.95,111.53,110.89,112.23,110.51,111.79,112.11,110.95,113.16,113.26,111.04,115.55,115.96,112.56,2.41,"[1.5, 2.0, 1.0, 5.0]",1.5,2.0,1.0,5.0,True,False,True,False,True,False,True,False,113.95,False,False
DUOL,Duolingo Inc. Class A Common Stock,23537571688.0,949625,5,False,2025-05-01,After market close,436.92,True,3.03,"[8.0, 6.0, 1.0, 0.0]","[0.2, 0.2, 0.225, 0.375]",0.6,24.889596384923486,-9.15,+/+,389.48,396.18,400.0,406.0,390.0,436.92,486.42,487.0,433.0,494.13,504.31,475.53,490.55,493.63,473.52,495.56,504.5,491.06,503.57,509.01,492.75,3.03,"[8.0, 6.0, 1.0, 0.0]",8.0,6.0,1.0,0.0,False,False,False,False,False,False,False,False,486.42,True,True
BROS,Dutch Bros Inc. Class A Common Stock,11490741582.0,3791727,4,False,2025-02-12,After market close,84.56,True,-0.84,"[-8.0, 7.0, -1.0, 0.0]","[0.225, 0.17, 0.235, 0.37]",0.3,30.144882380433103,-32.57,-/+,64.19,63.17,64.71,64.98,62.11,84.56,83.54,86.42,80.17,81.97,84.91,81.24,85.37,86.88,82.41,84.99,86.37,84.39,82.03,86.09,81.48,-0.84,"[-8.0, 7.0, -1.0, 0.0]",-8.0,7.0,-1.0,0.0,False,True,False,False,False,True,False,False,83.54,False,True
DY,Dycom Industries Inc. Common Stock,5580222813.0,435670,4,False,2025-02-26,Before market open,176.3,True,1.45,"[7.5, -5.0, 1.0, 0.0]","[0.29, 0.18, 0.18, 0.35]",0.32,-5.804350354774916,-1.09,+/-,171.94,176.3,161.96,181.77,154.22,161.05,162.13,167.52,159.54,163.86,166.37,159.1,161.02,167.07,159.83,153.05,159.75,152.35,153.89,155.35,147.21,1.45,"[7.5, -5.0, 1.0, 0.0]",7.5,-5.0,1.0,0.0,False,False,False,True,False,False,False,False,161.96,False,False
DT,Dynatrace Inc. Common Stock,15111189666.0,2753560,4,False,2025-01-30,Before market open,57.53,True,1.41,"[4.5, 2.5, 1.0, 0.0]","[0.14, 0.21, 0.25, 0.4]",0.65,0.7323452484742837,1.1,+/+,57.35,57.53,57.77,58.16,55.44,57.97,57.75,58.69,57.37,58.9,59.38,55.96,59.3,60.29,59.02,60.43,60.51,58.86,60.12,61.4,59.86,1.41,"[4.5, 2.5, 1.0, 0.0]",4.5,2.5,1.0,0.0,False,False,False,False,False,False,False,False,57.77,True,True
DX,Dynex Capital Inc. Common Stock,1319802943.0,4255825,4,False,2025-01-27,Before market open,12.75,True,2.89,"[5.0, 3.0, 1.0, 0.0]","[0.42, 0.2, 0.19, 0.19]",0.75,1.1876484560569958,1.94,+/+,12.63,12.75,12.78,13.03,12.71,12.85,12.91,12.96,12.8,12.86,13.01,12.79,13.15,13.16,12.9,13.27,13.43,13.13,13.21,13.27,12.99,2.89,"[5.0, 3.0, 1.0, 0.0]",5.0,3.0,1.0,0.0,False,False,False,False,False,False,False,False,12.78,True,True
EH,EHang Holdings Limited ADS,1383548971.0,2078383,4,False,2025-03-12,Before market open,24.93,True,5.94,"[6.5, 7.0, 1.0, 8.0]","[0.13, 0.19, 0.24, 0.44]",0.72,-3.6525612472160374,-5.13,+/-,22.45,24.93,21.63,25.06,21.2,21.78,21.77,23.05,21.4,24.18,24.58,22.37,25.26,25.79,23.62,24.68,25.5,24.31,24.12,24.84,23.17,5.94,"[6.5, 7.0, 1.0, 8.0]",6.5,7.0,1.0,8.0,False,False,False,False,False,False,False,False,21.63,False,False
EME,EMCOR Group Inc. Common Stock,20468282809.0,441855,4,False,2025-02-26,Before market open,419.98,True,3.48,"[5.0, -5.0, 1.0, 10.0]","[0.25, 0.2, 0.225, 0.3]",0.62,5.740773308544588,-2.03,+/+,398.03,419.98,420.88,433.63,415.13,418.62,402.71,424.14,401.84,408.91,409.01,396.02,395.73,411.1,394.01,388.08,398.38,376.29,392.6,396.2,384.8,3.48,"[5.0, -5.0, 1.0, 10.0]",5.0,-5.0,1.0,10.0,False,False,False,True,False,False,False,False,420.88,True,True
EOG,EOG Resources Inc. Common Stock,62252466361.0,3983571,5,False,2025-05-01,After market close,111.12,True,1.37,"[5.5, -5.0, 5.0, -3.0]","[0.38, 0.19, 0.19, 0.24]",0.45,0.4803770506661843,0.65,+/+,110.33,109.54,111.68,113.3,109.27,111.12,110.86,112.14,108.01,108.52,109.25,107.02,108.72,110.23,107.89,107.97,109.34,107.06,109.71,112.12,108.61,1.37,"[5.5, -5.0, 5.0, -3.0]",5.5,-5.0,5.0,-3.0,False,False,False,True,False,False,False,True,110.86,True,True
EPAM,EPAM Systems Inc. Common Stock,10571394007.0,710482,4,False,2025-02-20,Before market open,235.34,True,1.82,"[3.5, 4.0, 1.0, 0.0]","[0.23, 0.2, 0.22, 0.35]",0.6,-12.800743868893113,10.64,+/-,258.11,235.34,225.07,241.04,213.42,223.45,208.84,223.45,208.35,207.38,213.0,207.09,210.5,213.53,206.34,213.23,217.78,208.98,208.31,215.91,207.7,1.82,"[3.5, 4.0, 1.0, 0.0]",3.5,4.0,1.0,0.0,True,False,True,False,True,False,False,False,225.07,False,False
EQT,EQT Corporation Common Stock,32619130740.0,12305926,5,False,2025-04-22,After market close,50.03,True,0.44,"[6.0, 3.5, -1.0, -5.0]","[0.29, 0.18, 0.18, 0.35]",0.65,2.244127516778524,-4.49,+/+,47.68,48.14,48.57,49.14,47.95,50.03,48.75,50.41,47.14,48.82,49.76,48.3,50.24,50.35,48.31,51.12,51.38,49.76,51.22,51.63,49.7,0.44,"[6.0, 3.5, -1.0, -5.0]",6.0,3.5,-1.0,-5.0,False,False,False,False,False,True,False,True,48.75,True,True
EWBC,East West Bancorp Inc. Common Stock,13171953599.0,1683263,5,False,2025-04-22,After market close,88.0,True,0.83,"[3.5, -4.0, 1.0, 0.0]","[0.4, 0.19, 0.19, 0.22]",0.45,10.697430519140006,-14.53,+/+,76.28,77.02,79.21,79.53,77.02,88.0,84.44,91.54,83.87,85.97,86.39,83.11,85.26,85.89,84.49,86.23,87.1,85.1,86.31,87.06,84.27,0.83,"[3.5, -4.0, 1.0, 0.0]",3.5,-4.0,1.0,0.0,False,False,False,True,False,False,False,False,84.44,True,True
EMN,Eastman Chemical Company Common Stock,9556636450.0,1887064,4,False,2025-01-30,After market close,100.93,True,1.04,"[4.5, -3.0, 1.0, 0.0]","[0.32, 0.2, 0.2, 0.28]",0.55,7.497303128371093,-7.84,+/+,92.7,92.55,92.67,92.67,90.75,100.93,99.65,101.44,97.35,100.79,102.22,96.54,101.79,102.93,101.54,101.79,102.84,100.83,101.26,102.41,100.41,1.04,"[4.5, -3.0, 1.0, 0.0]",4.5,-3.0,1.0,0.0,False,False,False,True,False,False,False,False,99.65,True,True
ETN,Eaton Corporation PLC Ordinary Shares,126033817000.0,3542369,4,False,2025-01-31,Before market open,322.02,True,0.45,"[4.0, -5.0, -0.5, 1.0]","[0.32, 0.2, 0.21, 0.27]",0.45,-0.2017731580556481,2.0,+/-,327.1,322.02,326.44,330.55,314.4,317.34,315.41,322.1,311.12,314.7,319.6,313.01,315.25,316.76,311.3,315.85,323.68,312.77,313.05,322.64,311.97,0.45,"[4.0, -5.0, -0.5, 1.0]",4.0,-5.0,-0.5,1.0,True,False,False,False,False,False,True,False,326.44,False,False
ECL,Ecolab Inc. Common Stock,72148291029.0,1975520,4,False,2025-02-11,Before market open,267.49,True,6.74,"[5.0, 2.5, 1.0, 15.0]","[0.275, 0.2, 0.215, 0.31]",0.75,6.216963487029365,-2.02,+/+,245.94,267.49,261.23,267.56,260.54,258.05,262.03,262.57,255.15,265.47,267.23,262.06,264.74,268.0,264.54,266.22,267.66,262.98,266.24,266.55,263.82,6.74,"[5.0, 2.5, 1.0, 15.0]",5.0,2.5,1.0,15.0,False,False,False,False,False,False,False,False,261.23,True,True
EIX,Edison International Common Stock,21762232723.0,2615593,5,False,2025-04-29,After market close,58.0,True,4.66,"[5.0, 4.0, 1.0, 8.0]","[0.38, 0.2, 0.2, 0.22]",0.75,-8.294772922022284,5.26,+/-,58.35,58.0,58.73,58.96,57.96,58.0,53.51,58.45,52.82,54.56,55.22,53.66,54.88,55.75,54.21,54.93,55.37,54.55,54.83,55.45,54.51,4.66,"[5.0, 4.0, 1.0, 8.0]",5.0,4.0,1.0,8.0,True,False,True,False,True,False,True,False,53.51,False,False
EW,Edwards Lifesciences Corporation Common Stock,43877680000.0,3789134,4,False,2025-02-11,After market close,74.0,True,1.7,"[4.0, 3.0, 0.0, 0.0]","[0.29, 0.18, 0.2, 0.33]",0.55,6.638537271448664,-2.38,+/+,71.1,70.73,70.91,71.05,70.32,74.0,75.82,76.0,73.89,76.0,76.71,74.85,76.19,76.73,75.74,75.67,76.67,75.56,74.67,76.5,74.56,1.7,"[4.0, 3.0, 0.0, 0.0]",4.0,3.0,0.0,0.0,False,False,False,False,False,False,False,False,75.82,True,True
ELAN,Elanco Animal Health Incorporated Common Stock,6367008181.0,7583832,4,False,2025-02-25,Before market open,10.8,True,0.33,"[3.0, -4.0, 1.0, 0.0]","[0.29, 0.18, 0.18, 0.35]",0.55,-3.6903690369036917,3.12,+/-,11.11,10.8,10.7,10.9,10.2,10.86,11.13,11.47,10.76,10.92,11.19,10.84,11.17,11.27,10.86,11.31,11.46,11.12,10.8,11.47,10.8,0.33,"[3.0, -4.0, 1.0, 0.0]",3.0,-4.0,1.0,0.0,True,False,False,False,True,False,False,False,10.7,False,False
ESTC,Elastic N.V. Ordinary Shares,9685332905.0,2246032,4,False,2025-02-27,After market close,113.0,True,-2.66,"[-8.0, 5.0, 1.0, -5.0]","[0.26, 0.18, 0.22, 0.34]",0.35,12.403400309119014,-11.82,-/+,103.52,107.0,101.28,107.99,101.02,113.0,116.36,117.49,111.13,107.15,116.0,106.6,107.95,109.7,103.8,109.63,109.92,106.15,99.35,106.57,99.24,-2.66,"[-8.0, 5.0, 1.0, -5.0]",-8.0,5.0,1.0,-5.0,False,True,False,False,False,False,False,True,116.36,False,True
EA,Electronic Arts Inc. Common Stock,38902388256.0,3736226,4,False,2025-02-04,After market close,127.04,True,2.75,"[4.0, 6.0, 1.0, 0.0]","[0.335, 0.2, 0.215, 0.25]",0.75,6.1508420795704195,-0.61,+/+,122.91,123.07,121.25,123.24,120.22,127.04,130.47,130.64,125.95,132.0,132.27,128.74,128.6,131.74,127.24,132.09,132.47,129.64,133.35,134.54,130.77,2.75,"[4.0, 6.0, 1.0, 0.0]",4.0,6.0,1.0,0.0,False,False,False,False,False,False,False,False,130.47,True,True
ELV,Elevance Health Inc. Common Stock,94144688474.0,2028043,4,False,2025-01-23,Before market open,404.72,True,0.86,"[4.5, -5.0, 1.0, 0.0]","[0.36, 0.19, 0.19, 0.26]",0.55,2.7205487165050024,-2.72,+/+,390.73,404.72,401.36,410.0,389.31,397.16,400.96,402.95,394.83,411.24,415.49,404.26,405.4,412.37,401.83,400.3,406.22,399.71,399.32,400.3,393.25,0.86,"[4.5, -5.0, 1.0, 0.0]",4.5,-5.0,1.0,0.0,False,False,False,True,False,False,False,False,401.36,True,True
ERJ,Embraer S.A. Common Stock,8811963257.0,1207684,4,False,2025-02-27,Before market open,43.5,True,3.17,"[6.5, 4.5, 1.0, 0.0]","[0.32, 0.2, 0.19, 0.29]",0.7,10.748426206574958,1.75,+/+,42.89,43.5,47.5,48.4,43.47,46.74,47.65,47.7,46.54,49.95,52.0,48.31,49.88,50.43,48.3,52.88,52.92,49.99,51.85,53.19,51.45,3.17,"[6.5, 4.5, 1.0, 0.0]",6.5,4.5,1.0,0.0,False,False,False,False,False,False,False,False,47.5,True,True
EMR,Emerson Electric Company Common Stock,67168125000.0,4028434,4,False,2025-02-05,Before market open,127.03,True,2.33,"[4.5, 3.2, 1.0, 0.0]","[0.33, 0.2, 0.2, 0.27]",0.7,-2.294619782285216,2.85,+/-,127.69,127.03,124.76,127.05,122.37,126.08,127.48,128.0,125.02,124.37,128.24,123.79,126.75,126.8,124.85,126.91,127.08,125.5,124.5,125.62,123.9,2.33,"[4.5, 3.2, 1.0, 0.0]",4.5,3.2,1.0,0.0,True,False,True,False,True,False,False,False,124.76,False,False
ENB,Enbridge Inc Common Stock,97076662799.0,7929620,4,False,2025-02-14,Before market open,45.1,True,5.7,"[3.5, 3.5, 1.0, 15.0]","[0.365, 0.2, 0.2, 0.235]",0.65,-5.236523652365242,6.47,+/-,45.45,45.1,43.07,45.35,43.06,43.1,42.75,43.24,41.98,42.31,42.87,42.04,41.98,42.31,41.76,41.78,42.15,41.53,41.54,42.07,41.46,5.7,"[3.5, 3.5, 1.0, 15.0]",3.5,3.5,1.0,15.0,True,False,True,False,True,False,True,False,43.07,False,False
EHC,Encompass Health Corporation Common Stock,11786184440.0,687743,4,False,2025-02-06,After market close,102.36,True,1.83,"[3.2, 3.5, 1.0, 0.0]","[0.29, 0.2, 0.2, 0.31]",0.7,-2.2896281800391423,1.67,+/-,102.2,101.73,98.6,102.06,97.88,102.36,99.86,103.83,97.02,98.63,100.08,96.69,99.4,100.96,98.84,98.03,99.16,97.43,100.14,100.16,97.78,1.83,"[3.2, 3.5, 1.0, 0.0]",3.2,3.5,1.0,0.0,False,False,False,False,False,False,False,False,99.86,False,False
EXK,Endeavour Silver Corporation Ordinary Shares (Canada),878784941.0,15303792,4,False,2025-03-11,Before market open,3.8,True,-0.47,"[6.5, -3.0, -1.0, -5.0]","[0.29, 0.18, 0.21, 0.32]",0.45,24.17582417582416,-4.87,-/+,3.64,3.8,4.52,4.55,3.8,4.52,4.64,4.89,4.51,4.7,4.8,4.56,4.72,4.83,4.61,4.8,4.82,4.64,4.92,5.13,4.83,-0.47,"[6.5, -3.0, -1.0, -5.0]",6.5,-3.0,-1.0,-5.0,False,False,False,True,False,True,False,True,4.52,False,True
ET,Energy Transfer LP Common Units ,59850210395.0,20417153,4,False,2025-02-11,After market close,19.33,True,2.34,"[4.5, 6.0, -0.03, -0.5]","[0.29, 0.2, 0.19, 0.32]",0.65,-2.1901443504231026,6.12,+/-,20.09,20.1,19.81,20.1,19.8,19.33,19.65,19.99,19.26,19.82,19.91,19.55,19.99,20.09,19.74,20.3,20.45,20.07,20.12,20.51,20.05,2.34,"[4.5, 6.0, -0.03, -0.5]",4.5,6.0,-0.03,-0.5,True,False,True,False,False,False,False,False,19.65,False,False
ENPH,Enphase Energy Inc. Common Stock,6290064443.0,14879522,4,False,2025-02-04,After market close,68.5,True,3.15,"[6.0, 6.0, 1.0, 1.0]","[0.245, 0.185, 0.215, 0.355]",0.6,2.127992489438272,-4.03,+/+,63.91,65.33,66.25,67.49,64.8,68.5,65.27,69.4,64.02,66.51,68.77,64.74,63.53,66.44,62.32,63.05,64.25,61.7,62.58,65.42,62.32,3.15,"[6.0, 6.0, 1.0, 1.0]",6.0,6.0,1.0,1.0,False,False,False,False,False,False,False,False,65.27,True,True
ENTG,Entegris Inc. Common Stock,12473846000.0,7413513,4,False,2025-02-06,Before market open,102.44,True,5.81,"[5.5, -4.0, 0.0, 15.0]","[0.26, 0.18, 0.22, 0.34]",0.65,5.418671799807503,7.22,+/+,103.9,102.44,109.53,110.46,101.37,109.56,106.52,110.35,106.35,106.73,108.92,105.6,105.74,107.84,104.64,107.77,107.86,104.37,108.85,109.28,107.01,5.81,"[5.5, -4.0, 0.0, 15.0]",5.5,-4.0,0.0,15.0,True,False,False,False,False,False,True,False,109.53,True,True
EPD,Enterprise Products Partners L.P. Common Stock,68103542739.0,4783749,4,False,2025-02-04,Before market open,32.04,True,1.53,"[3.5, 3.5, -0.02, -2.0]","[0.37, 0.2, 0.2, 0.23]",0.55,-0.42257772411711614,4.82,+/-,33.13,32.04,32.99,33.42,31.55,32.94,33.04,33.45,32.87,32.87,33.25,32.69,32.93,33.15,32.63,33.12,33.43,32.99,33.21,33.31,32.83,1.53,"[3.5, 3.5, -0.02, -2.0]",3.5,3.5,-0.02,-2.0,True,False,True,False,False,False,False,False,32.99,False,False
EFX,Equifax Inc. Common Stock,34324888961.0,750396,4,False,2025-02-06,Before market open,254.83,True,2.21,"[4.5, 2.5, 1.0, 0.0]","[0.335, 0.2, 0.2, 0.265]",0.75,-8.418754394404775,7.91,+/-,270.23,254.83,247.48,260.05,245.66,249.18,248.28,250.06,245.26,252.9,254.28,245.77,253.0,253.22,248.66,254.36,255.4,247.56,250.87,257.25,249.92,2.21,"[4.5, 2.5, 1.0, 0.0]",4.5,2.5,1.0,0.0,True,False,True,False,True,False,False,False,247.48,False,False
EQIX,Equinix Inc. Common Stock REIT,85148497096.0,507214,4,False,2025-02-12,After market close,899.0,True,6.8,"[5.2, 1.5, 1.0, 15.0]","[0.26, 0.18, 0.23, 0.33]",0.75,-2.1872748081895623,11.53,+/-,943.64,923.47,935.2,941.93,923.47,899.0,923.0,924.62,890.0,933.6,953.41,921.34,931.9,939.16,907.34,939.08,939.72,924.65,940.25,940.8,927.03,6.8,"[5.2, 1.5, 1.0, 15.0]",5.2,1.5,1.0,15.0,True,False,True,False,True,False,True,False,923.0,False,False
EQNR,Equinor ASA,68052782958.0,4537214,5,False,2025-04-30,Before market open,22.85,True,1.57,"[3.5, -3.0, 1.0, 3.0]","[0.335, 0.2, 0.2, 0.265]",0.5,-3.4228769497400315,2.57,+/-,23.08,22.85,22.29,23.03,22.14,22.15,22.32,22.5,21.96,23.25,23.3,22.78,23.09,23.24,23.02,23.27,23.63,23.25,22.89,23.06,22.76,1.57,"[3.5, -3.0, 1.0, 3.0]",3.5,-3.0,1.0,3.0,True,False,False,False,True,False,True,False,22.29,False,False
EQH,Equitable Holdings Inc. Common Stock,16392108221.0,1392231,4,False,2025-02-05,After market close,52.14,True,2.88,"[6.0, 3.5, 1.0, 0.0]","[0.33, 0.2, 0.2, 0.27]",0.7,-1.8591549295774685,4.96,+/-,53.25,53.25,53.5,53.67,52.92,52.14,52.26,53.63,51.36,53.65,53.92,52.25,53.69,54.26,52.74,53.73,54.04,52.63,53.65,53.99,53.3,2.88,"[6.0, 3.5, 1.0, 0.0]",6.0,3.5,1.0,0.0,True,False,True,False,True,False,False,False,52.26,False,False
ELS,Equity Lifestyle Properties Inc. Common Stock,12157740623.0,1313402,4,False,2025-01-27,After market close,68.75,True,1.73,"[3.5, 2.0, -0.02, 0.0]","[0.38, 0.2, 0.19, 0.23]",0.65,-0.9222073479101658,-0.53,+/-,67.23,68.0,69.32,69.99,67.69,68.75,66.61,69.19,66.46,65.26,67.25,64.8,65.16,66.21,64.73,65.45,66.4,64.97,65.29,65.93,64.22,1.73,"[3.5, 2.0, -0.02, 0.0]",3.5,2.0,-0.02,0.0,False,False,False,False,False,True,False,False,66.61,False,False
EQR,Equity Residential Common Shares of Beneficial Interest,26938006203.0,1557076,4,False,2025-02-03,After market close,70.5,True,1.02,"[3.5, -3.0, 1.0, 0.0]","[0.4, 0.19, 0.19, 0.22]",0.3,-0.01415828967859395,1.2,+/-,70.63,70.09,70.33,70.66,69.09,70.5,70.62,71.39,69.11,71.93,72.3,70.72,72.12,72.57,71.71,71.33,72.44,70.96,70.91,71.22,69.97,1.02,"[3.5, -3.0, 1.0, 0.0]",3.5,-3.0,1.0,0.0,True,False,False,False,True,False,False,False,70.62,False,False
ERIC,Ericsson American Depositary Shares,28125314574.0,23564460,5,False,2025-04-15,Before market open,7.96,True,2.6,"[6.0, 2.8, 1.0, 0.0]","[0.32, 0.18, 0.18, 0.32]",0.65,8.322147651006713,-4.25,+/+,7.45,7.96,8.07,8.13,7.93,7.98,7.94,8.1,7.88,8.17,8.26,8.01,8.15,8.29,8.06,8.43,8.45,8.31,8.31,8.39,8.24,2.6,"[6.0, 2.8, 1.0, 0.0]",6.0,2.8,1.0,0.0,False,False,False,False,False,False,False,False,8.07,True,True
ESNT,Essent Group Ltd. Common Shares,6047588203.0,571320,4,False,2025-02-14,Before market open,56.83,True,2.18,"[3.0, 5.0, 1.0, 0.0]","[0.325, 0.2, 0.205, 0.27]",0.65,-2.590226213089277,4.04,+/-,57.91,56.83,56.41,58.58,56.27,56.26,56.31,57.17,56.0,55.84,56.33,55.22,56.09,56.3,55.59,56.17,56.8,56.1,56.42,56.98,56.4,2.18,"[3.0, 5.0, 1.0, 0.0]",3.0,5.0,1.0,0.0,True,False,True,False,True,False,False,False,56.41,False,False
ESS,Essex Property Trust Inc. Common Stock,18433476175.0,238942,4,False,2025-02-04,After market close,283.0,True,2.29,"[4.5, 2.3, 1.0, 0.0]","[0.37, 0.19, 0.19, 0.25]",0.75,4.008579767221082,2.78,+/+,284.39,284.02,287.14,287.96,281.11,283.0,295.79,297.26,282.87,298.07,300.34,295.5,292.14,299.66,291.55,291.21,292.7,286.82,291.59,291.62,287.71,2.29,"[4.5, 2.3, 1.0, 0.0]",4.5,2.3,1.0,0.0,True,False,True,False,True,False,False,False,295.79,True,True
EL,Estee Lauder Companies Inc. (The) Common Stock,23513389413.0,5516551,5,False,2025-05-01,Before market open,59.15,True,0.63,"[7.0, -8.0, 1.0, 0.0]","[0.29, 0.2, 0.2, 0.31]",0.45,-1.784523015343563,1.98,+/-,59.96,59.15,58.89,59.91,57.73,60.04,59.39,60.75,57.28,57.7,59.92,57.5,58.53,58.92,56.66,59.26,59.55,57.91,61.24,62.16,59.26,0.63,"[7.0, -8.0, 1.0, 0.0]",7.0,-8.0,1.0,0.0,True,False,False,False,True,False,False,False,58.89,False,False
ETSY,Etsy Inc. Common Stock,4962792563.0,6455581,4,False,2025-02-19,Before market open,54.0,True,2.88,"[6.0, 5.0, 1.0, 0.0]","[0.275, 0.2, 0.225, 0.3]",0.7,-10.054110665037525,8.62,+/-,57.29,54.0,51.53,54.25,50.75,51.45,51.4,53.41,50.51,51.26,52.34,49.88,53.24,53.59,50.41,53.13,53.72,51.59,51.7,53.9,51.67,2.88,"[6.0, 5.0, 1.0, 0.0]",6.0,5.0,1.0,0.0,True,False,True,False,True,False,False,False,51.53,False,False
EEFT,Euronet Worldwide Inc. Common Stock,4814017370.0,444694,4,False,2025-02-12,After market close,104.0,True,0.42,"[5.0, -3.0, -1.0, 0.0]","[0.25, 0.2, 0.225, 0.3]",0.45,8.4202838063439,-8.09,+/+,95.84,95.08,94.42,95.48,94.2,104.0,103.91,108.93,102.03,104.64,105.21,101.07,109.88,110.0,104.96,108.59,110.83,107.86,106.04,108.89,105.91,0.42,"[5.0, -3.0, -1.0, 0.0]",5.0,-3.0,-1.0,0.0,False,False,False,True,False,True,False,False,103.91,True,True
EVR,Evercore Inc. Class A Common Stock,9007642763.0,1029465,4,False,2025-02-05,Before market open,297.63,True,0.91,"[3.5, -3.0, 1.0, 0.0]","[0.375, 0.2, 0.2, 0.225]",0.35,0.7813328619409508,-4.32,+/+,282.85,297.63,285.06,297.63,280.57,287.99,285.37,289.73,283.05,275.51,282.82,274.83,272.19,276.29,268.84,265.57,270.02,262.17,265.53,265.72,259.93,0.91,"[3.5, -3.0, 1.0, 0.0]",3.5,-3.0,1.0,0.0,False,False,False,True,False,False,False,False,285.06,True,True
EG,Everest Group Ltd. Common Stock,14803786733.0,325168,4,False,2025-02-03,After market close,340.9,True,3.26,"[7.0, 3.5, 1.0, 0.0]","[0.335, 0.2, 0.215, 0.25]",0.6,-1.6661391039106683,5.16,+/-,347.51,344.29,345.27,348.0,341.0,340.9,341.72,351.34,336.5,339.82,342.63,335.34,336.3,343.32,335.95,338.03,340.14,333.05,333.47,340.79,333.27,3.26,"[7.0, 3.5, 1.0, 0.0]",7.0,3.5,1.0,0.0,True,False,True,False,True,False,False,False,341.72,False,False
EVRG,Evergy Inc. Common Stock,15036427114.0,3678096,4,False,2025-02-27,Before market open,68.61,True,2.27,"[5.0, 2.5, 1.0, 0.0]","[0.32, 0.19, 0.19, 0.3]",0.7,-0.7814761215629409,2.98,+/-,69.1,68.61,68.56,69.9,68.04,69.43,68.91,69.73,68.18,69.52,69.58,68.63,67.7,69.93,67.67,66.97,67.65,66.59,65.73,66.81,65.64,2.27,"[5.0, 2.5, 1.0, 0.0]",5.0,2.5,1.0,0.0,True,False,True,False,True,False,False,False,68.56,False,False
ES,Eversource Energy (D/B/A) Common Stock,22869704298.0,2201369,4,False,2025-02-11,After market close,60.06,True,2.35,"[3.5, 3.5, 1.0, 0.0]","[0.415, 0.2, 0.2, 0.185]",0.7,-1.2729376756488726,3.06,+/-,60.49,60.2,61.46,61.64,59.76,60.06,59.72,60.7,58.75,62.5,63.47,59.73,61.54,63.17,61.46,61.51,61.88,60.06,62.7,62.73,61.35,2.35,"[3.5, 3.5, 1.0, 0.0]",3.5,3.5,1.0,0.0,True,False,True,False,True,False,False,False,59.72,False,False
EXAS,Exact Sciences Corporation Common Stock,10073251738.0,1768473,5,False,2025-05-01,After market close,52.12,True,1.14,"[8.0, -3.0, 1.0, 0.0]","[0.185, 0.19, 0.225, 0.4]",0.65,12.949167397020151,-13.06,+/+,45.64,45.64,47.16,47.58,45.16,52.12,51.55,54.71,49.94,53.33,54.37,50.72,53.99,54.49,52.12,53.28,54.38,52.44,53.06,53.89,52.28,1.14,"[8.0, -3.0, 1.0, 0.0]",8.0,-3.0,1.0,0.0,False,False,False,True,False,False,False,False,51.55,True,True
EXEL,Exelixis Inc. Common Stock,10350016021.0,2648755,4,False,2025-02-11,After market close,33.2,True,2.14,"[5.0, 3.5, 1.0, 0.0]","[0.26, 0.18, 0.21, 0.35]",0.7,-2.0895522388059784,3.04,+/-,33.5,33.38,32.81,33.61,32.4,33.2,32.8,35.37,32.72,34.49,34.6,32.84,35.0,35.29,34.18,34.2,35.37,34.01,35.07,35.46,34.07,2.14,"[5.0, 3.5, 1.0, 0.0]",5.0,3.5,1.0,0.0,True,False,True,False,True,False,False,False,32.8,False,False
EXC,Exelon Corporation Common Stock,44025850307.0,9911028,4,False,2025-02-12,Before market open,40.88,True,2.71,"[3.5, 2.5, 1.0, 3.0]","[0.37, 0.2, 0.19, 0.24]",0.75,1.2511803588290868,6.2,+/+,42.36,40.88,42.89,43.09,40.81,42.87,42.97,43.45,42.54,42.85,43.15,42.74,42.7,42.87,42.38,42.65,42.78,42.21,43.17,43.23,42.46,2.71,"[3.5, 2.5, 1.0, 3.0]",3.5,2.5,1.0,3.0,True,False,True,False,True,False,True,False,42.89,True,True
EXE,Expand Energy Corporation Common Stock,26396679374.0,4011628,4,False,2025-02-26,After market close,101.65,True,-3.4,"[-8.0, 2.5, 1.0, -5.0]","[0.32, 0.19, 0.19, 0.3]",0.45,-4.985907279619006,-2.19,-/-,102.89,102.75,102.43,104.15,102.17,101.65,97.76,102.0,97.66,98.88,99.04,96.92,98.35,100.14,97.68,100.7,101.64,96.75,101.64,102.03,98.91,-3.4,"[-8.0, 2.5, 1.0, -5.0]",-8.0,2.5,1.0,-5.0,False,False,True,False,True,False,False,False,97.76,True,False
IT,Gartner Inc. Common Stock,34400372492.0,511589,4,False,2025-02-04,Before market open,574.84,True,2.3,"[5.0, 3.5, 1.0, 0.0]","[0.275, 0.2, 0.225, 0.3]",0.6,-0.1168309602044517,-2.64,+/-,547.8,574.84,547.16,584.01,541.45,541.76,541.11,546.21,534.3,534.45,544.93,529.79,529.29,535.94,525.72,528.87,534.5,526.49,522.12,529.13,518.23,2.3,"[5.0, 3.5, 1.0, 0.0]",5.0,3.5,1.0,0.0,False,False,False,False,False,False,False,False,547.16,False,False
HTHT,H World Group Limited American Depositary Shares,11648337820.0,1749344,3,False,2024-11-26,Before market open,34.23,True,0.8,"[4.2, -3.0, 0.0, 0.0]","[0.32, 0.18, 0.21, 0.29]",0.55,-5.885698038100654,3.47,+/-,35.17,34.23,33.1,34.28,32.95,33.13,32.03,33.24,31.72,32.17,32.58,31.63,32.98,33.02,32.16,32.99,33.49,32.81,32.99,33.12,32.24,0.8,"[4.2, -3.0, 0.0, 0.0]",4.2,-3.0,0.0,0.0,True,False,False,False,False,False,False,False,33.1,False,False
HRB,H&R Block Inc. Common Stock,7698123805.0,2364353,4,False,2025-02-04,After market close,51.63,True,1.77,"[2.5, 3.2, 1.0, 0.0]","[0.37, 0.2, 0.2, 0.23]",0.68,-2.492826398852225,9.18,+/-,55.76,55.13,54.43,55.74,54.41,51.63,54.37,54.4,51.2,54.2,54.81,53.72,53.22,54.48,53.12,52.59,53.45,52.55,52.43,52.59,51.93,1.77,"[2.5, 3.2, 1.0, 0.0]",2.5,3.2,1.0,0.0,True,False,True,False,True,False,False,False,54.37,False,False
DINO,HF Sinclair Corporation Common Stock,6669706212.0,4099630,5,False,2025-05-01,Before market open,31.1,True,-4.04,"[-5.0, -5.0, 0.05, -5.0]","[0.38, 0.2, 0.19, 0.23]",0.5,3.9906883937479187,-7.47,-/+,30.07,31.1,31.27,32.03,30.67,31.64,32.01,32.11,31.04,32.7,32.99,31.38,32.61,33.43,32.6,32.7,33.06,32.39,34.12,34.48,32.84,-4.04,"[-5.0, -5.0, 0.05, -5.0]",-5.0,-5.0,0.05,-5.0,False,True,False,True,False,False,False,True,31.27,False,True
HPQ,HP Inc. Common Stock,26640787600.0,10453168,4,False,2025-02-27,After market close,31.43,True,1.02,"[2.5, 2.5, -1.0, 0.0]","[0.29, 0.2, 0.21, 0.3]",0.65,-8.749630505468511,8.11,+/-,33.83,33.69,33.13,33.9,33.11,31.43,30.87,31.43,29.98,30.04,31.43,29.91,29.29,30.13,29.18,29.52,29.81,29.18,29.97,30.02,29.24,1.02,"[2.5, 2.5, -1.0, 0.0]",2.5,2.5,-1.0,0.0,True,False,True,False,False,False,False,False,30.87,False,False
HSBC,HSBC Holdings plc. Common Stock,205646399679.0,2290080,2,False,2025-04-29,Before market open,57.87,True,2.31,"[4.5, 4.0, 1.5, 0.0]","[0.29, 0.18, 0.19, 0.34]",0.75,2.0056798012069494,-0.41,+/+,56.34,57.87,57.47,58.12,57.45,55.41,56.08,56.15,55.13,55.13,55.63,54.97,56.51,56.73,56.24,56.68,57.24,56.4,56.62,56.96,56.62,2.31,"[4.5, 4.0, 1.5, 0.0]",4.5,4.0,1.5,0.0,False,False,False,False,False,False,False,False,57.47,True,True
HQY,HealthEquity Inc. Common Stock,8360746760.0,1115517,4,False,2025-03-18,After market close,85.0,True,2.7,"[6.5, 3.5, 1.0, 0.0]","[0.29, 0.18, 0.19, 0.34]",0.75,-16.28276409849087,18.31,+/-,100.72,100.07,101.67,102.64,99.35,85.0,84.32,87.4,80.33,84.6,86.45,82.6,84.88,85.21,82.23,90.32,90.51,85.92,90.19,93.64,89.75,2.7,"[6.5, 3.5, 1.0, 0.0]",6.5,3.5,1.0,0.0,True,False,True,False,True,False,False,False,84.32,False,False
DOC,Healthpeak Properties Inc. Common Stock,12192548460.0,7264784,4,False,2025-02-03,After market close,20.01,True,0.7,"[3.5, -3.0, 1.0, 0.0]","[0.315, 0.2, 0.2, 0.285]",0.4,-2.904162633107461,3.85,+/-,20.66,20.45,20.38,20.69,20.14,20.01,20.06,20.43,19.68,20.04,20.33,19.86,20.12,20.39,20.11,19.86,20.21,19.72,19.59,19.86,19.45,0.7,"[3.5, -3.0, 1.0, 0.0]",3.5,-3.0,1.0,0.0,True,False,False,False,True,False,False,False,20.06,False,False
HP,Helmerich & Payne Inc. Common Stock,1915758152.0,1952091,4,False,2025-02-05,After market close,29.84,True,-1.1,"[4.5, 3.5, -0.5, -10.0]","[0.29, 0.2, 0.21, 0.3]",0.35,-14.943234120895992,7.34,-/-,32.59,32.51,33.19,33.35,32.28,29.84,27.72,30.34,27.56,26.77,27.96,26.75,27.42,27.88,26.61,27.24,27.8,27.05,26.95,27.57,26.35,-1.1,"[4.5, 3.5, -0.5, -10.0]",4.5,3.5,-0.5,-10.0,True,False,True,False,False,False,False,False,27.72,True,False
HSIC,Henry Schein Inc. Common Stock,8577576407.0,1564686,4,False,2025-02-25,Before market open,80.56,True,1.5,"[3.0, 2.5, 1.0, 0.0]","[0.29, 0.18, 0.18, 0.35]",0.65,-2.3441524987120137,-2.26,+/-,77.64,80.56,75.82,80.56,73.25,75.88,72.55,76.43,72.23,72.12,73.26,71.68,72.17,72.7,71.56,70.81,72.97,70.61,70.31,70.95,69.51,1.5,"[3.0, 2.5, 1.0, 0.0]",3.0,2.5,1.0,0.0,False,False,False,False,False,False,False,False,75.82,False,False
HRI,Herc Holdings Inc. Common Stock ,3795865801.0,621176,4,False,2025-02-13,Before market open,209.47,True,3.46,"[9.5, 4.5, 1.0, 0.0]","[0.25, 0.19, 0.23, 0.33]",0.65,-6.018473972866361,2.69,+/-,207.86,209.47,195.35,211.81,193.92,195.33,200.74,201.28,192.48,185.37,190.04,163.3,179.97,183.42,178.25,178.89,181.99,174.78,163.97,180.26,161.99,3.46,"[9.5, 4.5, 1.0, 0.0]",9.5,4.5,1.0,0.0,False,False,False,False,False,False,False,False,195.35,False,False
HSAI,Hesai Group American Depositary Share each ADS represents one Class B ordinary share,2349314021.0,6057481,4,False,2025-03-10,After market close,18.5,True,9.16,"[25.0, 5.0, 1.0, 10.0]","[0.17, 0.21, 0.26, 0.36]",0.75,38.15261044176706,3.02,+/+,17.43,17.15,16.01,17.19,15.86,18.5,24.08,24.18,18.32,22.55,23.63,21.22,20.56,22.3,20.37,19.8,21.69,19.2,22.3,22.79,19.96,9.16,"[25.0, 5.0, 1.0, 10.0]",25.0,5.0,1.0,10.0,False,False,False,False,False,False,False,False,24.08,True,True
HPE,Hewlett Packard Enterprise Company Common Stock,23302878049.0,19595847,4,False,2025-03-06,After market close,15.26,True,1.88,"[5.0, 3.2, -0.05, 0.0]","[0.25, 0.2, 0.225, 0.3]",0.65,-16.304923239809423,21.1,+/-,18.89,18.32,17.96,18.69,17.88,15.26,15.81,16.04,14.93,15.08,15.67,14.85,15.34,15.51,14.92,15.09,15.52,14.93,14.77,15.43,14.64,1.88,"[5.0, 3.2, -0.05, 0.0]",5.0,3.2,-0.05,0.0,True,False,True,False,False,False,False,False,15.81,False,False
HXL,Hexcel Corporation Common Stock,4344621891.0,1098464,4,False,2025-01-22,After market close,68.87,True,0.45,"[4.5, 3.5, -0.0, -5.0]","[0.29, 0.2, 0.2, 0.31]",0.35,3.2573765702600124,-0.15,+/+,68.46,68.25,68.47,68.62,67.23,68.87,70.69,71.05,67.25,67.6,70.78,67.01,67.13,67.47,65.95,66.85,69.32,66.43,65.7,67.21,65.57,0.45,"[4.5, 3.5, -0.0, -5.0]",4.5,3.5,-0.0,-5.0,False,False,False,False,False,False,False,True,70.69,True,True
HOLX,Hologic Inc. Common Stock,13105528917.0,2769978,4,False,2025-02-05,After market close,68.0,True,2.07,"[4.0, 4.0, 1.0, 0.0]","[0.29, 0.18, 0.19, 0.34]",0.68,-8.563844649343386,7.07,+/-,71.58,71.84,72.8,73.07,71.54,68.0,65.45,68.5,64.87,64.58,66.07,63.88,65.24,65.53,63.62,64.47,65.63,64.19,63.53,64.28,63.45,2.07,"[4.0, 4.0, 1.0, 0.0]",4.0,4.0,1.0,0.0,True,False,True,False,True,False,False,False,65.45,False,False
HON,Honeywell International Inc. Common Stock,140966069260.0,4032539,4,False,2025-02-06,Before market open,215.0,True,1.74,"[3.5, 3.0, 1.0, 0.0]","[0.29, 0.18, 0.19, 0.34]",0.62,-5.635259725657747,5.05,+/-,222.35,215.0,209.82,215.24,206.18,212.0,205.52,213.4,205.38,208.52,209.16,205.08,206.94,209.34,205.78,205.01,206.29,204.25,205.27,207.3,204.61,1.74,"[3.5, 3.0, 1.0, 0.0]",3.5,3.0,1.0,0.0,True,False,True,False,True,False,False,False,209.82,False,False
HRL,Hormel Foods Corporation Common Stock,16249914405.0,2999300,4,False,2025-02-27,Before market open,28.56,True,0.87,"[3.5, -3.5, 1.0, 0.0]","[0.385, 0.19, 0.19, 0.235]",0.42,-1.2182387747998658,1.46,+/-,28.73,28.56,28.38,28.72,27.59,28.65,28.63,28.77,28.18,29.48,29.51,28.48,28.9,29.87,28.89,28.76,29.17,28.59,29.0,29.15,28.59,0.87,"[3.5, -3.5, 1.0, 0.0]",3.5,-3.5,1.0,0.0,True,False,False,False,True,False,False,False,28.38,False,False
HST,Host Hotels & Resorts Inc. Common Stock,10891316441.0,15147082,5,False,2025-04-30,After market close,14.81,True,0.94,"[5.0, -4.0, 1.0, -0.5]","[0.335, 0.2, 0.2, 0.265]",0.55,3.5637918745545263,-4.62,+/+,14.03,13.82,14.12,14.18,13.68,14.81,14.53,14.98,14.43,14.79,14.92,14.6,14.75,14.95,14.6,14.48,14.8,14.37,14.6,14.69,14.44,0.94,"[5.0, -4.0, 1.0, -0.5]",5.0,-4.0,1.0,-0.5,False,False,False,True,False,False,False,True,14.53,True,True
HWM,Howmet Aerospace Inc. Common Stock,63360680772.0,4990823,4,False,2025-02-13,Before market open,125.64,True,1.81,"[3.5, 3.0, 1.0, 0.0]","[0.29, 0.2, 0.2, 0.31]",0.7,-0.007807010695597552,3.72,+/-,128.09,125.64,128.08,128.69,122.72,128.87,133.42,133.92,126.89,136.67,137.41,134.1,139.39,140.55,136.53,138.44,139.53,135.12,129.83,138.87,129.54,1.81,"[3.5, 3.0, 1.0, 0.0]",3.5,3.0,1.0,0.0,True,False,True,False,True,False,False,False,128.08,False,False
HUBS,HubSpot Inc. Common Stock,34945493359.0,1170969,4,False,2025-02-12,After market close,836.71,True,2.44,"[5.0, 7.0, -1.0, 0.0]","[0.2375, 0.2125, 0.2375, 0.3125]",0.6,4.49486901650838,-4.22,+/+,784.45,775.93,785.5,793.75,770.51,836.71,819.71,881.13,817.17,811.95,820.0,785.22,803.35,819.0,794.0,770.95,803.31,765.11,748.0,766.63,745.35,2.44,"[5.0, 7.0, -1.0, 0.0]",5.0,7.0,-1.0,0.0,False,False,False,False,False,True,False,False,819.71,True,True
HUBB,Hubbell Inc Common Stock,20196723674.0,788757,4,False,2025-02-04,Before market open,411.83,True,1.64,"[3.5, -3.0, 1.0, 3.0]","[0.32, 0.19, 0.19, 0.3]",0.55,-1.9132434614537694,0.88,+/-,408.73,411.83,400.91,415.64,393.59,405.73,400.07,405.81,398.14,394.99,403.0,391.32,400.93,403.14,395.97,399.8,405.91,398.45,397.07,400.67,394.2,1.64,"[3.5, -3.0, 1.0, 3.0]",3.5,-3.0,1.0,3.0,False,False,False,True,False,False,False,False,400.91,False,False
HUM,Humana Inc. Common Stock,30518552089.0,1425159,5,False,2025-04-30,Before market open,273.45,True,2.54,"[4.5, 5.0, 1.0, 0.0]","[0.295, 0.2, 0.21, 0.295]",0.75,1.1104256631708802,-2.89,+/+,259.36,273.45,262.24,276.14,254.5,264.19,256.04,267.01,255.6,258.48,260.2,254.14,256.69,260.03,256.05,251.77,258.0,250.79,253.12,254.87,250.0,2.54,"[4.5, 5.0, 1.0, 0.0]",4.5,5.0,1.0,0.0,False,False,False,False,False,False,False,False,262.24,True,True
HUN,Huntsman Corporation Common Stock,2246530983.0,5950566,5,False,2025-05-01,After market close,12.42,True,1.21,"[6.0, -5.0, 1.0, 0.0]","[0.335, 0.2, 0.2, 0.265]",0.45,-8.940646130728783,7.9,+/-,13.31,13.37,13.37,13.55,13.17,12.42,12.12,12.66,11.95,11.61,12.0,11.6,11.4,11.71,11.32,11.21,11.44,11.15,12.02,12.22,11.63,1.21,"[6.0, -5.0, 1.0, 0.0]",6.0,-5.0,1.0,0.0,True,False,False,False,True,False,False,False,12.12,False,False
IAC,IAC Inc. Common Stock,3140975389.0,1880616,4,False,2025-02-11,After market close,34.95,True,0.08,"[4.0, -5.0, -1.0, 0.0]","[0.29, 0.18, 0.18, 0.35]",0.4,4.861520329994124,-2.89,+/+,33.94,33.57,33.63,34.33,33.56,34.95,35.59,36.69,34.72,39.35,39.42,36.32,38.57,39.79,38.45,38.54,38.97,38.01,38.24,38.59,37.88,0.08,"[4.0, -5.0, -1.0, 0.0]",4.0,-5.0,-1.0,0.0,False,False,False,True,False,True,False,False,35.59,True,True
IBN,ICICI Bank Limited Common Stock,118137603169.0,12566931,4,False,2025-01-25,,28.34,True,2.57,"[4.5, 3.5, 1.0, 0.0]","[0.37, 0.2, 0.2, 0.23]",0.6,1.3590844062947032,1.21,+/+,27.96,,,,,28.23,28.34,28.55,28.14,28.86,28.87,28.61,28.65,28.78,28.63,28.84,28.87,28.76,28.67,28.87,28.67,2.57,"[4.5, 3.5, 1.0, 0.0]",4.5,3.5,1.0,0.0,False,False,False,False,False,False,False,False,28.34,True,True
ICLR,ICON plc Ordinary Shares,11323726909.0,1723922,5,False,2025-04-30,After market close,142.6,True,1.53,"[4.0, 1.5, 1.0, 0.0]","[0.25, 0.2, 0.225, 0.3]",0.65,-2.7459647712812227,6.02,+/-,149.31,149.3,151.44,151.92,145.61,142.6,145.21,147.49,135.0,142.96,151.99,142.86,143.02,145.0,140.46,135.1,144.05,135.0,138.85,141.66,135.64,1.53,"[4.0, 1.5, 1.0, 0.0]",4.0,1.5,1.0,0.0,True,False,True,False,True,False,False,False,145.21,False,False
IEX,IDEX Corporation Common Stock,14450927682.0,889006,4,False,2025-02-04,After market close,208.16,True,2.14,"[4.5, 3.0, 1.0, 0.0]","[0.29, 0.2, 0.23, 0.28]",0.7,-9.72311066435164,7.03,+/-,218.86,218.41,218.65,220.55,218.07,208.16,197.58,208.16,195.81,199.32,202.13,197.42,195.94,200.32,193.48,196.45,197.2,194.8,194.89,196.88,193.92,2.14,"[4.5, 3.0, 1.0, 0.0]",4.5,3.0,1.0,0.0,True,False,True,False,True,False,False,False,197.58,False,False
IDXX,IDEXX Laboratories Inc. Common Stock,40977379369.0,692711,4,False,2025-02-03,Before market open,465.0,True,1.33,"[2.5, 3.0, 0.0, 0.0]","[0.29, 0.2, 0.21, 0.3]",0.7,11.133751925127356,-8.85,+/+,422.05,465.0,469.04,474.67,445.0,464.47,465.03,466.26,458.79,468.55,471.82,457.23,460.56,469.99,458.82,459.78,468.8,457.35,464.91,466.53,458.86,1.33,"[2.5, 3.0, 0.0, 0.0]",2.5,3.0,0.0,0.0,False,False,False,False,False,False,False,False,469.04,True,True
IQV,IQVIA Holdings Inc. Common Stock,27010490000.0,5398673,4,False,2025-02-06,Before market open,218.1,True,2.77,"[5.0, 2.0, 5.0, 0.0]","[0.25, 0.2, 0.225, 0.325]",0.65,2.2001557632398807,-3.39,+/+,205.44,218.1,209.96,220.0,208.19,211.67,208.14,211.67,205.41,206.97,210.0,204.93,200.89,203.52,197.75,197.82,199.79,195.28,196.05,198.08,195.29,2.77,"[5.0, 2.0, 5.0, 0.0]",5.0,2.0,5.0,0.0,False,False,False,False,False,False,False,False,209.96,True,True
IREN,IREN Limited Ordinary Shares,1421989053.0,20827890,4,False,2025-02-12,After market close,12.9,True,5.17,"[15.0, 7.0, 1.0, 1.0]","[0.225, 0.17, 0.235, 0.37]",0.7,5.31400966183575,1.31,+/+,12.42,12.02,13.01,13.17,11.97,12.9,13.08,13.17,12.15,13.01,13.32,12.83,12.97,13.5,12.53,13.0,13.62,12.97,12.36,13.3,12.09,5.17,"[15.0, 7.0, 1.0, 1.0]",15.0,7.0,1.0,1.0,False,False,False,False,False,False,False,False,13.08,True,True
IAG,Iamgold Corporation Ordinary Shares,3600396000.0,16722152,4,False,2025-02-20,After market close,5.9,True,2.37,"[5.5, 4.5, -1.0, 0.0]","[0.305, 0.2, 0.205, 0.29]",0.65,-8.038585209003216,7.51,+/-,6.22,6.2,6.31,6.39,6.19,5.9,5.72,6.06,5.68,5.78,5.82,5.59,5.57,5.73,5.47,5.83,5.84,5.53,5.44,5.74,5.44,2.37,"[5.5, 4.5, -1.0, 0.0]",5.5,4.5,-1.0,0.0,True,False,True,False,False,False,False,False,5.72,False,False
ITW,Illinois Tool Works Inc. Common Stock,73340830000.0,1142491,4,False,2025-02-05,Before market open,248.0,True,2.32,"[3.5, 4.0, 1.0, 0.0]","[0.38, 0.2, 0.19, 0.23]",0.6,-0.17276582377885885,4.94,+/-,254.68,248.0,254.24,254.45,244.69,255.31,255.09,255.31,248.47,255.56,255.9,252.8,257.61,258.37,255.69,258.68,258.75,255.82,256.05,256.82,252.35,2.32,"[3.5, 4.0, 1.0, 0.0]",3.5,4.0,1.0,0.0,True,False,True,False,True,False,False,False,254.24,False,False
ILMN,Illumina Inc. Common Stock,12912531000.0,3153912,4,False,2025-02-06,After market close,111.3,True,2.34,"[12.0, -3.0, 1.0, 0.0]","[0.225, 0.19, 0.215, 0.37]",0.65,-10.92396535129933,13.07,+/-,124.68,125.49,122.8,126.39,121.64,111.3,111.06,115.16,108.81,104.99,106.1,101.91,100.68,105.68,100.42,103.57,103.8,99.35,101.78,104.35,101.1,2.34,"[12.0, -3.0, 1.0, 0.0]",12.0,-3.0,1.0,0.0,True,False,False,False,True,False,False,False,111.06,False,False
INCY,Incyte Corp. Common Stock,11778730484.0,2072024,4,False,2025-02-10,Before market open,73.01,True,2.98,"[8.5, 3.0, 1.0, 0.0]","[0.26, 0.18, 0.23, 0.33]",0.65,-7.864562255497098,4.49,+/-,74.13,73.01,68.3,73.42,67.56,67.52,66.33,68.69,66.26,69.05,69.1,65.56,70.01,72.69,68.03,70.42,71.8,69.73,71.27,71.68,70.5,2.98,"[8.5, 3.0, 1.0, 0.0]",8.5,3.0,1.0,0.0,True,False,True,False,True,False,False,False,68.3,False,False
INFA,Informatica Inc. Class A Common Stock,5844395798.0,1842497,4,False,2025-02-13,After market close,16.67,True,2.68,"[6.5, 3.5, 1.0, 0.0]","[0.28, 0.18, 0.23, 0.31]",0.75,-24.329501915708818,38.81,+/-,26.1,26.25,25.17,26.38,24.64,16.67,19.75,19.9,16.37,20.38,20.48,19.56,19.92,20.44,19.6,19.83,20.24,19.47,19.29,20.29,19.27,2.68,"[6.5, 3.5, 1.0, 0.0]",6.5,3.5,1.0,0.0,True,False,True,False,True,False,False,False,19.75,False,False
INFY,Infosys Limited American Depositary Shares,77432847252.0,16249496,5,False,2025-04-17,Before market open,16.22,True,0.56,"[4.5, -4.5, 1.0, 0.0]","[0.275, 0.2, 0.225, 0.3]",0.55,-2.653799758745463,2.73,+/-,16.58,16.22,16.14,16.45,15.82,16.86,16.58,16.88,16.39,16.86,16.93,16.66,17.23,17.55,17.18,17.36,17.45,17.24,17.4,17.44,17.26,0.56,"[4.5, -4.5, 1.0, 0.0]",4.5,-4.5,1.0,0.0,True,False,False,False,True,False,False,False,16.14,False,False
IR,Ingersoll Rand Inc. Common Stock,33979631373.0,7019553,4,False,2025-02-13,After market close,88.0,True,0.5,"[4.5, -3.0, -1.0, 0.0]","[0.29, 0.2, 0.2, 0.31]",0.55,-6.163108921729607,4.17,+/-,91.35,91.16,92.55,92.74,90.85,88.0,85.72,89.22,85.57,86.75,87.1,85.69,85.69,87.17,85.39,86.77,87.19,85.35,83.69,86.89,83.26,0.5,"[4.5, -3.0, -1.0, 0.0]",4.5,-3.0,-1.0,0.0,True,False,False,False,False,False,False,False,85.72,False,False
INGR,Ingredion Incorporated Common Stock,8825399902.0,416827,4,False,2025-02-04,Before market open,132.0,True,1.62,"[4.0, 3.5, 1.0, -3.0]","[0.36, 0.2, 0.2, 0.24]",0.65,-5.640911452534695,3.65,+/-,134.73,132.0,127.13,132.71,124.54,126.26,126.27,127.76,125.31,127.39,128.49,125.36,127.9,128.01,126.42,127.56,128.91,126.61,128.66,129.0,127.03,1.62,"[4.0, 3.5, 1.0, -3.0]",4.0,3.5,1.0,-3.0,True,False,True,False,True,False,False,False,127.13,False,False
INOD,Innodata Inc. Common Stock,1136799551.0,3605941,4,False,2025-02-20,After market close,59.46,True,16.23,"[7.5, 12.0, 1.0, 30.0]","[0.13, 0.2, 0.25, 0.42]",0.65,4.0154569892473,16.33,+/+,59.52,55.59,54.56,55.59,48.5,59.46,61.91,71.0,58.5,59.21,65.98,55.0,58.11,60.2,55.51,64.17,65.63,59.88,52.62,65.05,52.51,16.23,"[7.5, 12.0, 1.0, 30.0]",7.5,12.0,1.0,30.0,True,False,True,False,True,False,True,False,61.91,True,True
INSM,Insmed Incorporated Common Stock,12339912033.0,3001026,4,False,2025-02-20,Before market open,80.1,True,1.92,"[5.5, 3.5, 1.0, 0.0]","[0.185, 0.19, 0.235, 0.39]",0.65,-0.2624358821424298,6.37,+/-,83.83,80.1,83.61,84.28,79.5,84.46,81.06,84.91,80.43,80.03,83.69,79.98,77.5,81.67,76.2,78.1,79.88,77.05,79.05,81.11,78.0,1.92,"[5.5, 3.5, 1.0, 0.0]",5.5,3.5,1.0,0.0,True,False,True,False,True,False,False,False,83.61,False,False
INSP,Inspire Medical Systems Inc. Common Stock,4614029471.0,376686,4,False,2025-02-10,After market close,170.49,True,3.42,"[10.0, 7.0, 1.0, 0.0]","[0.185, 0.19, 0.235, 0.39]",0.75,1.0101564644523764,9.82,+/+,182.15,181.62,180.99,185.68,179.21,170.49,183.99,186.23,170.02,187.01,191.0,181.95,187.15,187.66,178.08,185.61,189.14,183.63,180.08,185.37,178.6,3.42,"[10.0, 7.0, 1.0, 0.0]",10.0,7.0,1.0,0.0,True,False,True,False,True,False,False,False,183.99,True,True
INTC,Intel Corporation Common Stock,96749160000.0,94578691,4,False,2025-01-30,After market close,20.1,True,3.06,"[7.0, 3.5, 1.0, 0.0]","[0.31, 0.2, 0.19, 0.3]",0.75,-1.6202531645569636,1.29,+/-,19.75,19.72,20.01,20.1,19.43,20.1,19.43,20.33,19.38,19.38,19.75,18.78,19.29,19.53,19.02,19.65,19.77,18.91,19.38,19.7,19.22,3.06,"[7.0, 3.5, 1.0, 0.0]",7.0,3.5,1.0,0.0,False,False,False,False,False,False,False,False,19.43,False,False
IDCC,InterDigital Inc. Common Stock,5642277332.0,306761,4,False,2025-02-06,Before market open,200.0,True,2.74,"[7.0, 2.5, 1.0, 0.0]","[0.29, 0.2, 0.21, 0.3]",0.68,16.049315068493147,-6.85,+/+,182.5,200.0,211.79,213.37,192.0,209.13,204.39,213.38,198.12,207.05,211.45,203.9,207.62,209.41,204.17,210.14,212.0,206.06,214.97,215.85,210.3,2.74,"[7.0, 2.5, 1.0, 0.0]",7.0,2.5,1.0,0.0,False,False,False,False,False,False,False,False,211.79,True,True
IBKR,Interactive Brokers Group Inc. Class A Common Stock,21491059353.0,1828195,4,False,2025-01-21,After market close,207.0,True,2.16,"[5.0, 2.5, 1.0, 0.0]","[0.29, 0.2, 0.21, 0.3]",0.75,10.358251354621494,-6.74,+/+,190.09,192.64,192.83,194.87,190.66,207.0,209.78,211.14,202.43,208.55,212.84,203.99,218.99,220.66,208.89,203.87,214.0,201.21,207.75,208.62,204.0,2.16,"[5.0, 2.5, 1.0, 0.0]",5.0,2.5,1.0,0.0,False,False,False,False,False,False,False,False,209.78,True,True
ICE,Intercontinental Exchange Inc. Common Stock,99489740442.0,4617932,4,False,2025-02-06,Before market open,165.53,True,1.91,"[4.5, 2.0, 1.0, 0.0]","[0.29, 0.2, 0.2, 0.31]",0.7,4.3434971997511,-1.1,+/+,160.7,165.53,167.68,169.75,164.0,166.47,166.83,167.87,164.14,167.12,167.75,165.77,166.94,167.07,165.1,166.56,166.86,164.34,168.57,169.04,167.03,1.91,"[4.5, 2.0, 1.0, 0.0]",4.5,2.0,1.0,0.0,False,False,False,False,False,False,False,False,167.68,True,True
IBM,International Business Machines Corporation Common Stock,235778617112.0,4609520,4,False,2025-01-29,After market close,250.0,True,2.89,"[6.5, 2.5, 1.0, 1.0]","[0.29, 0.2, 0.21, 0.3]",0.75,14.450943897899487,-7.9,+/+,225.66,225.62,228.63,229.47,223.73,250.0,258.27,261.8,247.01,255.7,257.24,251.89,260.73,262.06,251.84,264.46,265.25,258.12,263.3,265.72,261.18,2.89,"[6.5, 2.5, 1.0, 1.0]",6.5,2.5,1.0,1.0,False,False,False,False,False,False,False,False,258.27,True,True
IFF,International Flavors & Fragrances Inc. Common Stock,19529592841.0,1891792,4,False,2025-02-18,After market close,80.99,True,-1.85,"[-5.0, -3.0, 1.0, 0.0]","[0.29, 0.2, 0.2, 0.31]",0.65,-4.194905351717695,3.51,-/-,85.58,85.46,86.45,86.45,85.16,80.99,81.99,85.25,80.77,80.14,82.03,78.91,79.89,80.85,79.57,79.61,80.48,79.08,80.28,80.94,79.5,-1.85,"[-5.0, -3.0, 1.0, 0.0]",-5.0,-3.0,1.0,0.0,False,False,False,False,True,False,False,False,81.99,True,False
IP,International Paper Company Common Stock,25291761727.0,6755635,5,False,2025-04-30,Before market open,44.06,True,6.5,"[4.5, 3.5, 0.0, 15.0]","[0.29, 0.2, 0.21, 0.3]",0.6,-4.094058366575693,14.0,+/-,47.63,44.06,45.68,46.51,43.96,45.0,43.89,45.19,43.79,45.84,45.92,44.43,44.27,45.07,43.81,44.45,44.5,43.56,44.02,45.02,43.74,6.5,"[4.5, 3.5, 0.0, 15.0]",4.5,3.5,0.0,15.0,True,False,True,False,False,False,True,False,45.68,False,False
IPG,Interpublic Group of Companies Inc. (The) Common Stock,9483695209.0,3611313,4,False,2025-02-12,Before market open,26.97,True,0.9,"[8.0, -3.5, -1.0, -2.0]","[0.3, 0.2, 0.2, 0.3]",0.65,-1.4354066985645952,1.64,+/-,27.17,26.97,26.78,27.2,26.43,26.63,26.96,27.02,26.51,27.05,27.28,26.87,27.55,27.59,26.85,27.55,27.85,27.43,27.56,27.76,27.26,0.9,"[8.0, -3.5, -1.0, -2.0]",8.0,-3.5,-1.0,-2.0,True,False,False,False,False,False,False,False,26.78,False,False
INTU,Intuit Inc. Common Stock,185153912600.0,1842163,4,False,2025-02-25,After market close,635.5,True,3.88,"[5.0, -3.0, 1.0, 10.0]","[0.25, 0.2, 0.225, 0.3]",0.6,10.272547775192155,-8.15,+/+,567.24,567.31,555.63,571.42,553.24,635.5,625.51,638.99,615.44,600.42,627.99,599.63,613.84,614.85,598.37,601.09,620.81,599.4,598.07,608.9,587.28,3.88,"[5.0, -3.0, 1.0, 10.0]",5.0,-3.0,1.0,10.0,False,False,False,True,False,False,False,False,625.51,True,True
ISRG,Intuitive Surgical Inc. Common Stock,201226760905.0,2037100,4,False,2025-01-23,After market close,581.9,True,6.39,"[6.5, 5.0, 1.0, 10.0]","[0.26, 0.18, 0.2, 0.36]",0.65,-4.324678515848978,11.07,+/-,610.45,612.0,608.66,616.0,602.0,581.9,584.05,591.91,573.32,573.48,579.34,563.35,574.14,584.48,563.85,572.71,578.41,569.49,580.18,584.42,577.35,6.39,"[6.5, 5.0, 1.0, 10.0]",6.5,5.0,1.0,10.0,True,False,True,False,True,False,True,False,584.05,False,False
IVZ,Invesco Ltd Common Stock,6977402499.0,5319919,4,False,2025-01-28,Before market open,18.75,True,3.37,"[6.5, 4.0, 1.0, 0.0]","[0.365, 0.2, 0.2, 0.235]",0.75,8.957746478873238,-2.26,+/+,17.75,18.75,19.34,19.49,18.46,19.34,19.0,19.37,18.86,19.22,19.55,19.08,19.23,19.51,19.08,18.34,18.74,18.27,18.39,18.54,18.26,3.37,"[6.5, 4.0, 1.0, 0.0]",6.5,4.0,1.0,0.0,False,False,False,False,False,False,False,False,19.34,True,True
INVH,Invitation Homes Inc. Common Stock,21140623013.0,3191718,5,False,2025-04-30,After market close,34.81,True,1.92,"[3.5, 3.0, 1.0, 0.0]","[0.32, 0.2, 0.2, 0.28]",0.7,4.3387815750371495,-1.53,+/+,33.65,33.71,34.19,34.32,33.12,34.81,35.11,35.53,34.06,35.47,35.8,35.19,34.99,35.46,34.86,34.9,35.13,34.7,34.9,35.25,34.85,1.92,"[3.5, 3.0, 1.0, 0.0]",3.5,3.0,1.0,0.0,False,False,False,False,False,False,False,False,35.11,True,True
IONQ,IonQ Inc. Common Stock,8149585699.0,16465600,4,False,2025-02-26,After market close,28.04,True,6.6,"[15.0, 4.5, -1.0, 10.0]","[0.09, 0.2, 0.25, 0.46]",0.68,-16.212579885637403,12.28,+/-,29.73,30.78,29.93,31.07,29.55,28.04,24.91,28.99,24.33,24.57,25.62,23.01,23.11,25.58,22.65,22.35,23.2,20.84,22.63,23.2,21.66,6.6,"[15.0, 4.5, -1.0, 10.0]",15.0,4.5,-1.0,10.0,True,False,True,False,False,False,True,False,24.91,False,False
IRDM,Iridium Communications Inc Common Stock,2918165542.0,891176,4,False,2025-02-13,Before market open,31.1,True,2.08,"[5.0, 2.5, 1.0, 0.0]","[0.29, 0.18, 0.18, 0.35]",0.75,15.404040404040403,-10.11,+/+,27.72,31.1,31.99,33.17,30.2,32.31,31.63,33.18,31.52,32.46,34.45,32.12,32.66,33.17,32.29,32.12,32.67,32.08,31.08,32.23,30.87,2.08,"[5.0, 2.5, 1.0, 0.0]",5.0,2.5,1.0,0.0,False,False,False,False,False,False,False,False,31.99,True,True
IRM,Iron Mountain Incorporated (Delaware)Common Stock REIT,28896599174.0,915686,4,False,2025-02-13,Before market open,101.69,True,0.9,"[5.0, -5.0, -0.02, 1.0]","[0.29, 0.18, 0.18, 0.35]",0.45,-7.281222622408258,1.91,+/-,102.73,101.69,95.25,102.85,94.44,95.0,95.41,96.96,93.95,94.21,96.59,92.98,92.87,93.84,91.46,93.5,94.39,91.32,91.78,94.14,91.41,0.9,"[5.0, -5.0, -0.02, 1.0]",5.0,-5.0,-0.02,1.0,True,False,False,False,False,False,True,False,95.25,False,False
ITUB,Itau Unibanco Banco Holding SA American Depositary Shares (Each repstg 500 Preferred shares),63055874122.0,50499344,4,False,2025-02-05,,5.42,True,2.5,"[4.5, 3.0, 0.5, 0.0]","[0.4, 0.2, 0.19, 0.21]",0.65,1.879699248120294,0.62,+/+,5.32,5.28,5.39,5.42,5.28,5.34,5.42,5.42,5.31,5.32,5.44,5.28,5.39,5.42,5.35,5.49,5.5,5.42,5.33,5.42,5.27,2.5,"[4.5, 3.0, 0.5, 0.0]",4.5,3.0,0.5,0.0,False,False,False,False,False,False,False,False,5.42,True,True
ITRI,Itron Inc. Common Stock,5125922703.0,598748,5,False,2025-05-01,Before market open,108.21,True,7.5,"[5.0, 6.0, 1.0, 15.0]","[0.29, 0.2, 0.2, 0.31]",0.6,-2.9113127864138817,10.27,+/-,111.29,108.21,108.05,110.64,104.98,110.13,108.23,112.67,107.77,107.55,109.33,107.3,106.68,109.27,106.53,106.31,107.62,105.36,107.87,109.08,106.08,7.5,"[5.0, 6.0, 1.0, 15.0]",5.0,6.0,1.0,15.0,True,False,True,False,True,False,True,False,108.05,False,False
JBHT,J.B. Hunt Transport Services Inc. Common Stock,14752219574.0,2835417,3,False,2025-01-16,After market close,175.0,True,1.52,"[3.5, 4.5, 1.0, -2.0]","[0.29, 0.2, 0.21, 0.3]",0.6,-7.558295363173424,7.71,+/-,186.55,185.85,186.2,187.51,184.34,175.0,172.45,178.4,171.41,174.43,175.97,172.33,174.91,176.2,173.02,170.28,177.0,169.43,169.96,171.06,169.04,1.52,"[3.5, 4.5, 1.0, -2.0]",3.5,4.5,1.0,-2.0,True,False,True,False,True,False,False,False,172.45,False,False
JBTM,JBT Marel Corporation Common Stock,6115162106.0,590742,4,False,2025-02-24,After market close,119.5,True,-1.9,"[-8.0, 2.5, 1.0, 0.0]","[0.32, 0.19, 0.19, 0.3]",0.45,13.689875546585927,-2.39,-/+,118.92,117.22,117.24,119.31,116.64,119.5,135.2,136.43,117.28,135.25,139.05,134.03,131.35,136.0,131.19,132.0,134.5,129.68,129.25,133.7,129.14,-1.9,"[-8.0, 2.5, 1.0, 0.0]",-8.0,2.5,1.0,0.0,False,True,False,False,False,False,False,False,135.2,False,True
JD,JD.com Inc. American Depositary Shares,52391265752.0,21421318,4,False,2025-03-06,Before market open,44.73,True,3.81,"[4.5, 4.0, 1.0, 5.0]","[0.29, 0.2, 0.21, 0.3]",0.75,0.36563071297989874,1.59,+/+,43.76,44.73,43.92,46.44,42.69,43.29,42.29,43.75,41.75,40.64,41.8,40.2,40.75,41.79,40.36,40.37,40.67,39.62,41.24,42.15,40.49,3.81,"[4.5, 4.0, 1.0, 5.0]",4.5,4.0,1.0,5.0,False,False,False,False,False,False,False,False,43.92,True,True
JPM,JP Morgan Chase & Co. Common Stock,722703521604.0,9603892,5,False,2025-04-11,Before market open,226.31,True,0.52,"[4.5, -5.0, -1.0, 0.0]","[0.38, 0.2, 0.19, 0.23]",0.45,4.002465765488078,0.87,+/+,227.11,226.31,236.2,238.58,225.0,237.1,234.72,239.78,233.63,233.13,238.65,232.82,229.61,233.58,227.93,231.96,234.34,230.55,228.99,231.81,226.34,0.52,"[4.5, -5.0, -1.0, 0.0]",4.5,-5.0,-1.0,0.0,True,False,False,False,False,False,False,False,236.2,True,True
JBL,Jabil Inc. Common Stock,17362036586.0,1126286,3,False,2024-12-18,Before market open,148.17,True,1.32,"[2.5, 2.0, 1.0, 0.0]","[0.29, 0.2, 0.2, 0.31]",0.65,7.263362197670939,-9.29,+/+,133.96,148.17,143.69,150.08,141.0,145.27,140.44,145.63,137.78,145.0,145.75,139.98,145.67,146.49,144.06,147.77,148.1,144.16,147.64,148.64,146.7,1.32,"[2.5, 2.0, 1.0, 0.0]",2.5,2.0,1.0,0.0,False,False,False,False,False,False,False,False,143.69,True,True
JKHY,Jack Henry & Associates Inc. Common Stock,13242590914.0,652357,4,False,2025-02-04,After market close,174.17,True,1.94,"[4.5, 1.5, 1.0, 0.0]","[0.32, 0.2, 0.2, 0.28]",0.65,-1.1442956860052638,2.29,+/-,174.78,174.14,174.08,175.24,172.48,174.17,172.78,179.54,172.06,173.87,174.57,170.61,173.81,174.98,171.67,173.66,174.75,173.08,170.97,173.94,169.06,1.94,"[4.5, 1.5, 1.0, 0.0]",4.5,1.5,1.0,0.0,True,False,True,False,True,False,False,False,172.78,False,False
J,Jacobs Solutions Inc. Common Stock,15321115277.0,1132875,4,False,2025-02-04,Before market open,140.46,True,6.35,"[5.0, 2.0, 1.0, 15.0]","[0.325, 0.2, 0.2, 0.275]",0.75,-3.451505980688854,5.14,+/-,138.78,140.46,133.99,144.97,133.41,135.23,132.27,135.25,130.0,133.48,134.96,131.66,133.93,135.35,133.0,134.39,135.67,133.72,133.22,134.13,131.51,6.35,"[5.0, 2.0, 1.0, 15.0]",5.0,2.0,1.0,15.0,False,False,False,False,False,False,False,False,133.99,False,False
JAZZ,Jazz Pharmaceuticals plc Common Stock (Ireland),6383929671.0,1659878,4,False,2025-02-25,After market close,140.5,True,2.06,"[5.0, 5.0, 0.05, 0.0]","[0.23, 0.18, 0.2, 0.39]",0.75,5.4722364474357965,-0.73,+/+,136.69,137.37,139.67,140.52,137.13,140.5,144.17,148.06,134.57,143.27,147.98,141.14,143.53,143.67,140.89,140.22,145.4,139.6,138.95,141.28,138.23,2.06,"[5.0, 5.0, 0.05, 0.0]",5.0,5.0,0.05,0.0,False,False,False,False,False,False,False,False,144.17,True,True
JEF,Jefferies Financial Group Inc. Common Stock,11148135665.0,2199271,4,False,2025-01-08,After market close,74.66,True,3.38,"[6.5, 4.5, 1.0, 0.0]","[0.35, 0.2, 0.2, 0.25]",0.75,,9.56,+/-,79.58,79.21,80.13,80.71,78.79,,,,,71.48,74.66,70.14,70.88,71.42,69.44,71.52,72.3,71.26,74.32,75.3,73.81,3.38,"[6.5, 4.5, 1.0, 0.0]",6.5,4.5,1.0,0.0,True,False,True,False,True,False,False,False,,False,False
JBLU,JetBlue Airways Corporation Common Stock,1715004893.0,41104864,4,False,2025-01-28,Before market open,6.98,True,1.53,"[4.5, 5.0, 1.0, -5.0]","[0.35, 0.2, 0.2, 0.25]",0.45,-25.710754017305316,15.25,+/-,8.09,6.98,6.01,6.98,5.75,6.0,6.1,6.26,5.74,6.32,6.41,5.97,6.58,7.18,6.38,6.04,6.38,6.02,6.18,6.19,6.02,1.53,"[4.5, 5.0, 1.0, -5.0]",4.5,5.0,1.0,-5.0,True,False,True,False,True,False,False,False,6.01,False,False
JOBY,Joby Aviation Inc. Common Stock,5550504513.0,11071328,4,False,2025-02-26,After market close,7.09,True,-0.64,"[-8.0, 5.0, -1.0, 0.0]","[0.17, 0.19, 0.23, 0.41]",0.35,3.8461538461538463,-9.72,-/+,6.5,6.71,6.7,6.89,6.61,7.09,6.75,7.2,6.56,7.0,7.08,6.39,6.46,7.17,6.36,6.6,6.78,6.23,6.79,6.79,6.51,-0.64,"[-8.0, 5.0, -1.0, 0.0]",-8.0,5.0,-1.0,0.0,False,True,False,False,False,True,False,False,6.75,False,True
JNJ,Johnson & Johnson Common Stock,370872135225.0,9023782,5,False,2025-04-15,Before market open,155.7,True,2.28,"[5.0, 2.0, 1.0, 0.0]","[0.335, 0.2, 0.2, 0.265]",0.75,-0.47939880798134815,1.41,+/-,154.36,155.7,153.62,156.3,152.1,155.37,153.91,155.63,152.24,157.47,159.44,154.16,156.92,158.23,155.49,157.75,158.72,156.26,155.38,157.1,154.33,2.28,"[5.0, 2.0, 1.0, 0.0]",5.0,2.0,1.0,0.0,False,False,False,False,False,False,False,False,153.62,False,False
JCI,Johnson Controls International plc Ordinary Share,62698747220.0,4890162,4,False,2025-02-05,Before market open,87.11,True,5.21,"[4.5, 3.0, 1.0, 10.0]","[0.29, 0.2, 0.2, 0.31]",0.75,11.28218398240393,-7.5,+/+,77.29,87.11,86.01,88.9,85.41,86.93,88.0,88.37,85.65,87.65,88.75,87.37,89.52,89.95,88.78,89.16,89.77,88.51,89.03,89.35,87.34,5.21,"[4.5, 3.0, 1.0, 10.0]",4.5,3.0,1.0,10.0,False,False,False,False,False,False,False,False,86.01,True,True
JLL,Jones Lang LaSalle Incorporated Common Stock,11418441429.0,335296,4,False,2025-02-19,Before market open,274.18,True,2.49,"[4.5, 5.0, 1.0, 0.0]","[0.29, 0.2, 0.19, 0.32]",0.75,-0.9364690858784872,5.23,+/-,281.91,274.18,279.27,283.48,272.92,276.39,272.28,277.6,271.47,262.07,273.35,259.77,263.92,267.09,260.63,265.57,269.45,261.63,270.94,273.01,266.7,2.49,"[4.5, 5.0, 1.0, 0.0]",4.5,5.0,1.0,0.0,True,False,True,False,True,False,False,False,279.27,False,False
JNPR,Juniper Networks Inc. Common Stock,12231715471.0,3132033,4,False,2025-02-04,After market close,36.0,True,5.1,"[5.5, -5.0, 1.0, 15.0]","[0.25, 0.2, 0.225, 0.3]",0.45,4.30760335357038,1.02,+/+,34.59,34.97,35.65,35.65,34.72,36.0,36.08,36.24,35.38,36.0,36.28,35.8,35.7,36.03,35.68,35.97,36.28,35.74,36.1,36.32,35.81,5.1,"[5.5, -5.0, 1.0, 15.0]",5.5,-5.0,1.0,15.0,False,False,False,True,False,False,False,False,36.08,True,True
BZ,KANZHUN LIMITED American Depository Shares,7742642870.0,4160016,3,False,2024-12-11,Before market open,14.15,True,0.83,"[4.5, 6.0, 1.0, -5.0]","[0.26, 0.18, 0.23, 0.33]",0.5,2.6931254429482694,0.55,+/+,14.11,14.15,14.49,14.8,13.99,14.35,14.78,15.17,14.35,14.58,14.77,14.32,13.81,14.32,13.76,13.91,14.02,13.73,13.66,14.14,13.5,0.83,"[4.5, 6.0, 1.0, -5.0]",4.5,6.0,1.0,-5.0,False,False,False,False,False,False,False,True,14.49,True,True
CART,Maplebear Inc. Common Stock,11370639787.0,5121846,5,False,2025-05-01,After market close,43.52,True,0.7,"[6.0, -3.5, -1.0, 0.0]","[0.26, 0.18, 0.23, 0.33]",0.35,13.361744798195033,-8.4,+/+,39.89,39.17,39.8,40.47,38.64,43.52,45.22,45.57,42.26,47.09,47.47,44.91,45.61,47.02,45.51,45.73,46.48,45.09,42.94,44.67,42.38,0.7,"[6.0, -3.5, -1.0, 0.0]",6.0,-3.5,-1.0,0.0,False,False,False,True,False,True,False,False,45.22,True,True
EDU,New Oriental Education & Technology Group Inc. Sponsored ADR representing 10 Ordinary Share (Cayman Islands),8079959639.0,675477,4,False,2025-01-21,Before market open,50.07,True,1.69,"[5.0, 3.0, 1.0, 0.0]","[0.18, 0.19, 0.22, 0.41]",0.7,-23.22485207100592,19.39,+/-,60.84,50.07,46.71,50.63,44.46,45.89,46.13,47.03,44.52,46.75,48.57,46.58,46.72,47.25,46.07,48.25,49.25,46.9,47.48,48.5,46.92,1.69,"[5.0, 3.0, 1.0, 0.0]",5.0,3.0,1.0,0.0,True,False,True,False,True,False,False,False,46.71,False,False
BTU,Peabody Energy Corporation Common Stock ,1776576000.0,6473570,4,False,2025-02-06,Before market open,17.22,True,-0.45,"[5.0, -5.0, 1.0, -5.0]","[0.335, 0.2, 0.2, 0.265]",0.3,-9.065628476084532,3.8,-/-,17.98,17.22,16.35,17.56,16.34,16.45,15.93,16.95,15.79,16.74,16.93,15.99,17.29,17.86,16.49,16.79,17.43,16.69,17.1,17.1,16.62,-0.45,"[5.0, -5.0, 1.0, -5.0]",5.0,-5.0,1.0,-5.0,True,False,False,False,True,False,False,False,16.35,True,False
DGX,Quest Diagnostics Incorporated Common Stock,19636679525.0,1334159,4,False,2025-01-30,Before market open,154.0,True,1.36,"[2.5, 2.0, 0.05, 0.0]","[0.38, 0.2, 0.2, 0.22]",0.72,5.616314976839932,2.29,+/+,155.44,154.0,164.17,167.08,153.99,163.94,163.1,166.97,162.55,162.47,163.59,160.01,163.36,166.0,161.69,164.87,165.7,163.47,162.64,165.08,162.09,1.36,"[2.5, 2.0, 0.05, 0.0]",2.5,2.0,0.05,0.0,True,False,True,False,True,False,False,False,164.17,True,True
HOOD,Robinhood Markets Inc. Class A Common Stock,50680192430.0,41385936,4,False,2025-02-12,After market close,62.09,True,2.6,"[7.5, 6.5, 1.0, 0.0]","[0.13, 0.21, 0.26, 0.4]",0.75,19.610048743907,-13.8,+/+,53.34,53.17,55.91,56.74,52.65,62.09,63.8,66.91,61.2,65.28,66.08,61.72,60.44,65.58,59.9,59.23,61.91,58.65,56.06,59.1,54.23,2.6,"[7.5, 6.5, 1.0, 0.0]",7.5,6.5,1.0,0.0,False,False,False,False,False,False,False,False,63.8,True,True
IOT,Samsara Inc. Class A Common Stock,25761744978.0,3137147,4,False,2025-03-06,After market close,39.0,True,3.6,"[7.0, 2.5, 0.0, 5.0]","[0.125, 0.185, 0.2375, 0.4525]",0.65,-18.880477173663692,14.13,+/-,43.59,42.5,41.88,44.1,41.72,39.0,35.36,39.99,34.33,34.06,35.96,32.97,35.9,36.7,34.0,38.02,39.21,37.0,37.14,38.32,36.77,3.6,"[7.0, 2.5, 0.0, 5.0]",7.0,2.5,0.0,5.0,True,False,True,False,False,False,True,False,35.36,False,False
BK,The Bank of New York Mellon Corporation Common Stock,62314326224.0,4648688,5,False,2025-04-11,Before market open,73.61,True,0.73,"[3.0, -3.0, 1.0, 0.0]","[0.38, 0.2, 0.19, 0.23]",0.45,1.3836313797154447,4.65,+/+,76.61,73.61,77.67,78.67,72.5,78.02,77.52,79.05,76.93,77.77,79.06,77.44,75.73,77.83,75.21,76.34,77.5,75.26,74.04,75.73,73.55,0.73,"[3.0, -3.0, 1.0, 0.0]",3.0,-3.0,1.0,0.0,True,False,False,False,True,False,False,False,77.67,True,True
ENSG,The Ensign Group Inc. Common Stock,8139192414.0,516384,4,False,2025-02-05,After market close,143.5,True,2.05,"[4.5, 3.5, 1.0, 0.0]","[0.25, 0.2, 0.225, 0.3]",0.7,-6.507532503267529,3.34,+/-,145.37,145.56,148.86,149.31,145.03,143.5,135.91,144.93,134.66,131.0,136.96,130.79,129.23,131.6,127.85,129.08,129.59,127.79,126.12,128.54,125.58,2.05,"[4.5, 3.5, 1.0, 0.0]",4.5,3.5,1.0,0.0,True,False,True,False,True,False,False,False,135.91,False,False
HSY,The Hershey Company Common Stock,33952343128.0,2300540,4,False,2025-02-06,Before market open,155.25,True,2.55,"[4.5, 3.5, 1.0, 0.0]","[0.37, 0.2, 0.18, 0.25]",0.65,4.39967105263159,-3.84,+/+,145.92,155.25,152.34,156.69,150.51,154.06,154.93,156.56,153.55,154.47,155.83,153.0,158.26,159.41,153.49,158.08,158.33,155.82,160.81,161.09,157.49,2.55,"[4.5, 3.5, 1.0, 0.0]",4.5,3.5,1.0,0.0,False,False,False,False,False,False,False,False,152.34,True,True
BLD,TopBuild Corp. Common Stock,8921929357.0,360710,4,False,2025-02-25,Before market open,297.16,True,0.11,"[3.0, -5.0, 1.0, 0.0]","[0.29, 0.19, 0.19, 0.33]",0.5,2.7479803999470116,1.73,+/+,302.04,297.16,310.34,313.88,295.19,307.77,304.9,308.92,303.26,303.53,308.08,301.3,306.39,312.6,303.39,296.12,309.26,293.88,295.17,301.51,288.31,0.11,"[3.0, -5.0, 1.0, 0.0]",3.0,-5.0,1.0,0.0,True,False,False,False,True,False,False,False,310.34,True,True
DJT,Trump Media & Technology Group Corp. Common Stock,5659018630.0,4208261,1,False,2024-11-05,After market close,44.46,True,0.29,"[-5.0, 8.0, 1.0, -0.5]","[0.19, 0.16, 0.185, 0.455]",0.35,4.7175305765870625,-29.18,+/+,34.34,37.52,33.94,40.74,31.45,44.46,35.96,45.77,34.13,27.69,31.96,27.61,31.91,33.03,26.7,33.41,34.4,31.62,30.47,32.0,30.0,0.29,"[-5.0, 8.0, 1.0, -0.5]",-5.0,8.0,1.0,-0.5,False,True,False,False,False,False,False,True,35.96,True,True
DIS,Walt Disney Company (The) Common Stock,198632989902.0,18366644,4,False,2025-02-05,Before market open,115.7,True,3.23,"[8.0, 3.5, 1.0, 0.0]","[0.29, 0.2, 0.21, 0.3]",0.7,-2.436010591350389,1.11,+/-,113.3,115.7,110.54,118.59,110.23,111.88,112.09,112.68,109.15,110.86,112.55,110.81,109.28,111.38,108.69,109.02,109.05,107.69,109.23,109.53,107.75,3.23,"[8.0, 3.5, 1.0, 0.0]",8.0,3.5,1.0,0.0,False,False,False,False,False,False,False,False,110.54,False,False
ELF,e.l.f. Beauty Inc. Common Stock,4177444895.0,3751543,4,False,2025-02-06,After market close,66.3,True,-0.54,"[3.0, -7.0, 1.0, 0.0]","[0.185, 0.19, 0.235, 0.39]",0.45,-18.540998625744386,23.53,-/-,87.32,87.93,88.49,88.88,86.29,66.3,71.13,73.63,63.5,73.86,73.86,69.04,76.94,77.31,71.25,75.08,76.4,72.55,74.95,78.29,73.83,-0.54,"[3.0, -7.0, 1.0, 0.0]",3.0,-7.0,1.0,0.0,True,False,False,False,True,False,False,False,71.13,True,False
EBAY,eBay Inc. Common Stock,31882760000.0,7539237,4,False,2025-02-26,After market close,64.29,True,3.58,"[4.5, 6.5, 1.0, 2.0]","[0.35, 0.2, 0.2, 0.25]",0.75,-10.503313125616819,12.94,+/-,70.93,71.11,69.14,71.61,68.84,64.29,63.48,65.81,61.55,64.74,64.76,63.08,65.22,66.47,64.75,66.67,68.04,64.97,66.55,67.18,65.19,3.58,"[4.5, 6.5, 1.0, 2.0]",4.5,6.5,1.0,2.0,True,False,True,False,True,False,True,False,63.48,False,False
IQ,iQIYI Inc. American Depositary Shares,1916288108.0,30426933,4,False,2025-02-18,Before market open,2.41,True,3.19,"[8.0, 6.0, -0.05, 0.0]","[0.25, 0.2, 0.225, 0.325]",0.6,-9.05511811023622,8.11,+/-,2.54,2.41,2.31,2.41,2.26,2.35,2.42,2.49,2.25,2.18,2.26,2.1,2.26,2.39,2.25,2.1,2.19,2.04,2.09,2.16,2.08,3.19,"[8.0, 6.0, -0.05, 0.0]",8.0,6.0,-0.05,0.0,True,False,True,False,False,False,False,False,2.31,False,False
